Rk,Player,PTS/100 Poss.,USG%,TS%,MP,Season,Team,G,GS,WS,ORtg,DRtg,OWS,DWS,WS/40,OBPM,DBPM,BPM,PER,ORB%,DRB%,TRB%,AST%,STL%,BLK%,TOV%,USG%,Pos,Class,Player-additional
1,Darryn Peterson,46.9,35.8,.629,272,2025-26,Kansas,10,10,1.7,123,99,1.1,0.6,.249,11.9,4.0,15.9,30.5,2.7,14.1,9.1,17.0,2.2,2.9,8.5,35.8,G,FR,darryn-peterson-1
2,Bol Bol,43.1,33.4,.632,268,2018-19,Oregon,9,9,1.8,118,87,1.1,0.8,.271,9.1,3.9,13.0,37.5,8.7,29.0,19.2,9.6,1.6,12.4,10.7,33.4,C,FR,bol-bol-1
3,Mike Daum,42.7,31.9,.656,706,2015-16,South Dakota State,34,3,5.2,129,98,3.9,1.3,.292,9.0,0.3,9.3,34.5,11.7,21.7,16.7,9.5,1.4,1.7,12.4,31.9,F,FR,mike-daum-1
4,Jao Ituka,41.4,35.8,.602,617,2021-22,Marist,28,16,3.0,112,103,2.3,0.8,.196,4.1,-0.2,3.9,28.2,3.6,12.7,8.2,19.0,1.8,1.3,15.7,35.8,G,FR,jao-ituka-1
5,Zion Williamson,41.2,28.6,.702,990,2018-19,Duke,33,33,8.3,133,87,5.5,2.8,.335,13.4,6.7,20.1,40.8,12.7,18.0,15.5,14.9,3.9,5.8,12.8,28.6,F,FR,zion-williamson-1
6,Cameron Boozer,41.1,29.7,.669,580,2025-26,Duke,18,18,5.1,138,89,3.3,1.8,.354,13.3,6.3,19.6,35.2,12.5,21.7,17.4,26.8,3.2,2.4,11.6,29.7,F,FR,cameron-boozer-3
7,Nick Ward,41.0,34.1,.605,694,2016-17,Michigan State,35,21,3.8,115,96,2.5,1.4,.221,6.2,2.1,8.3,31.9,17.4,20.3,19.0,5.3,1.0,8.0,12.6,34.1,F,FR,nick-ward-1
8,Trae Young,40.4,37.1,.585,1133,2017-18,Oklahoma,32,32,5.7,115,108,4.6,1.1,.201,9.7,1.3,11.1,28.3,1.3,10.0,5.8,48.6,2.5,0.7,18.2,37.1,G,FR,trae-young-1
9,Brice Sensabaugh,40.3,34.0,.587,809,2022-23,Ohio State,33,21,3.8,114,104,2.8,1.0,.187,7.8,0.8,8.6,26.4,6.2,18.9,12.8,11.0,1.3,1.7,12.8,34.0,F,FR,brice-sensabaugh-1
10,Braden Huff,39.8,28.4,.640,471,2023-24,Gonzaga,35,0,3.2,134,100,2.3,0.9,.269,6.6,1.3,7.9,31.8,12.2,16.1,14.3,7.5,1.1,5.2,5.2,28.4,F,FR,braden-huff-1
11,Antoine Davis,39.7,36.4,.539,1122,2018-19,Detroit Mercy,30,29,3.1,109,119,3.4,-0.2,.112,5.8,-3.6,2.2,22.4,2.1,7.5,4.7,24.0,1.4,0.0,12.0,36.4,G,FR,antoine-davis-2
12,AJ Dybantsa,39.6,31.1,.626,572,2025-26,Brigham Young,18,18,3.7,126,98,2.4,1.3,.258,8.5,3.6,12.1,28.9,5.4,17.1,11.6,21.7,2.4,1.5,13.4,31.1,F,FR,aj-dybantsa-1
13,James Daniel,39.3,35.6,.552,891,2013-14,Howard,28,26,3.0,107,108,2.1,0.9,.133,4.2,-1.2,3.0,20.7,1.9,7.2,4.5,16.2,2.5,0.1,14.9,35.6,G,FR,james-daniel-1
14,Vernon Carey Jr.,39.2,31.0,.615,772,2019-20,Duke,31,30,5.6,121,88,3.6,2.0,.288,7.9,3.4,11.3,34.1,12.0,26.1,19.2,8.2,1.6,5.8,12.3,31.0,C,FR,vernon-careyjr-1
15,Jhivvan Jackson,38.7,34.3,.566,745,2017-18,UTSA,29,9,2.8,107,103,1.7,1.0,.148,4.4,-0.6,3.8,21.8,1.2,11.7,6.5,15.2,2.2,0.3,12.9,34.3,G,FR,jhivvan-jackson-1
16,Jabari Parker,38.2,32.7,.558,1074,2013-14,Duke,35,35,5.5,115,99,3.6,1.9,.205,6.6,1.0,7.6,28.4,11.4,23.1,17.1,8.6,2.1,4.0,11.9,32.7,F,FR,jabari-parker-1
17,Maurice Creek,38.2,27.3,.661,305,2009-10,Indiana,12,12,1.8,129,104,1.5,0.3,.237,,,,32.0,7.0,10.2,8.6,21.5,3.3,1.8,10.8,27.3,G,FR,maurice-creek-1
18,Ebuka Okorie,38.0,30.4,.573,571,2025-26,Stanford,17,17,3.1,127,108,2.3,0.8,.217,8.5,2.3,10.8,25.3,3.0,9.9,6.3,22.3,2.6,1.0,6.8,30.4,G,FR,ebuka-okorie-1
19,John Brown,37.7,31.4,.549,724,2012-13,High Point,28,28,4.2,116,94,2.8,1.4,.234,4.3,0.3,4.6,31.8,13.0,14.9,13.9,6.4,3.9,5.1,8.1,31.4,F,FR,john-brown-3
20,Melvin Johnson III,37.5,30.2,.578,353,2009-10,UTSA,28,0,1.8,119,102,1.4,0.4,.201,,,,24.2,3.1,13.5,8.2,3.9,1.9,0.3,8.3,30.2,G,FR,melvin-johnson-1
21,Cooper Flagg,37.5,30.9,.593,1135,2024-25,Duke,37,37,8.4,126,89,5.1,3.3,.296,9.7,6.7,16.3,30.4,5.5,21.2,14.1,26.8,2.8,4.9,11.5,30.9,F,FR,cooper-flagg-1
22,Jalone Friday,37.3,30.1,.642,563,2016-17,Abilene Christian,26,11,2.8,116,100,1.8,0.9,.197,2.7,-1.0,1.7,27.5,9.1,21.7,15.5,4.1,1.3,7.3,12.8,30.1,C,FR,jalone-friday-1
23,Cameron Thomas,37.3,31.6,.553,986,2020-21,Louisiana State,29,29,4.5,118,109,4.0,0.5,.183,7.1,-0.8,6.3,24.1,2.0,8.2,5.2,8.3,1.4,0.7,7.5,31.6,G,FR,cameron-thomas-1
24,Xavier Abreu,37.3,33.0,.553,297,2025-26,Northeastern,17,1,0.6,107,117,0.5,0.2,.087,0.9,-2.7,-1.8,19.4,3.6,8.9,6.2,11.4,2.5,0.7,10.7,33.0,G,FR,xavier-abreu-1
25,Kevin Obanor,37.1,26.9,.690,627,2018-19,Oral Roberts,28,11,3.4,131,113,3.1,0.2,.215,6.3,-3.4,2.9,30.5,13.2,24.3,18.7,4.6,0.4,1.6,13.1,26.9,F,FR,kevin-obanor-1
26,DeMarcus Cousins,36.8,30.5,.579,893,2009-10,Kentucky,38,37,6.5,118,84,3.8,2.7,.290,,,,34.2,19.8,24.8,22.5,9.2,2.4,7.5,13.6,30.5,F,FR,demarcus-cousins-1
27,Caleb Wilson,36.7,28.4,.627,590,2025-26,North Carolina,19,19,4.1,129,93,2.5,1.6,.281,8.8,5.1,13.9,31.6,12.2,23.2,18.1,18.8,2.9,4.5,11.5,28.4,F,FR,caleb-wilson-1
28,Mister Dean,36.5,32.1,.591,721,2024-25,USC Upstate,31,27,2.5,108,104,1.5,1.1,.141,2.0,0.9,2.8,26.9,7.1,19.2,13.1,13.9,5.0,3.2,14.7,32.1,G,FR,mister-dean-1
29,Collin Sexton,36.5,32.9,.567,987,2017-18,Alabama,33,32,4.4,113,105,3.2,1.2,.177,5.8,1.1,6.9,23.5,4.1,9.8,7.0,27.8,1.6,0.3,14.2,32.9,G,FR,collin-sexton-1
30,Kyrie Irving,36.1,26.4,.697,303,2010-11,Duke,11,8,2.4,135,93,1.8,0.6,.320,9.8,5.0,14.8,32.5,2.3,10.6,6.7,29.8,3.0,1.8,16.4,26.4,G,FR,kyrie-irving-1
31,Josh Hubbard,35.9,29.9,.548,971,2023-24,Mississippi State,35,16,4.2,119,107,3.1,1.1,.174,6.7,0.8,7.5,19.7,1.1,7.8,4.4,13.6,1.4,0.5,7.1,29.9,G,FR,josh-hubbard-1
32,Ace Glass lll,35.8,30.2,.616,569,2025-26,Washington State,21,13,1.8,115,116,1.4,0.4,.125,4.3,-1.4,3.0,20.0,2.4,12.7,7.6,17.1,1.5,0.6,16.2,30.2,G,FR,ace-glass-lll-1
33,Marcus Evans,35.8,31.8,.585,1073,2015-16,Rice,32,32,3.8,111,111,3.1,0.7,.140,3.1,-1.0,2.1,24.5,3.1,10.8,7.0,20.0,3.7,0.6,14.6,31.8,G,FR,marcus-evans-2
34,Markelle Fultz,35.7,31.4,.558,892,2016-17,Washington,25,25,3.9,116,111,3.3,0.6,.173,7.7,1.7,9.4,28.0,4.0,13.9,8.9,35.5,2.5,3.1,13.4,31.4,G,FR,markelle-fultz-1
35,Zach Edey,35.5,29.0,.632,411,2020-21,Purdue,28,2,2.2,116,96,1.5,0.8,.219,4.1,2.6,6.6,28.9,13.8,21.4,17.6,5.9,0.6,9.6,16.5,29.0,C,FR,zach-edey-1
36,Justin Drummond,35.5,31.8,.540,349,2010-11,Loyola (MD),21,0,1.2,105,102,0.8,0.4,.139,3.3,-1.3,2.0,21.9,8.5,14.0,11.2,7.0,1.6,3.7,13.3,31.8,G,FR,justin-drummond-2
37,Rob Dillingham,35.3,30.3,.595,746,2023-24,Kentucky,32,1,3.3,118,110,2.6,0.7,.174,5.6,0.7,6.2,23.5,1.2,11.8,6.8,29.7,2.4,0.3,13.5,30.3,G,FR,rob-dillingham-1
38,Marvin Bagley III,35.3,26.3,.643,1118,2017-18,Duke,33,32,6.9,128,97,4.8,2.1,.248,8.8,2.0,10.8,30.6,13.8,21.5,17.9,8.8,1.4,2.6,12.2,26.3,F,FR,marvin-bagleyiii-1
39,PJ Haggerty,35.2,30.1,.596,1045,2023-24,Tulsa,31,31,5.5,119,102,3.8,1.7,.210,4.9,1.8,6.6,26.5,3.5,14.0,9.0,26.5,3.2,0.1,12.7,30.1,G,FR,pj-haggerty-1
40,Madden Collins,35.1,32.1,.542,417,2025-26,American,20,0,1.8,110,99,0.8,0.9,.171,1.8,0.1,1.8,24.4,9.2,21.8,15.4,20.2,3.9,2.0,12.1,32.1,G,FR,madden-collins-1
41,Thijs De Ridder,35.1,27.3,.606,492,2025-26,Virginia,18,18,2.6,124,100,1.6,1.0,.214,5.3,1.9,7.1,22.9,9.9,14.6,12.4,11.1,1.6,1.8,12.2,27.3,F,FR,thijs-de-ridder-1
42,Jake Cohen,35.1,32.2,.544,704,2009-10,Davidson,31,23,2.2,103,102,1.4,0.9,.128,,,,22.1,7.6,18.7,13.0,9.5,1.2,5.7,14.8,32.2,F,FR,jake-cohen-1
43,R.J. Barrett,35.0,32.2,.532,1341,2018-19,Duke,38,38,6.5,110,96,3.8,2.7,.194,6.5,2.1,8.6,23.3,4.8,17.2,11.2,23.5,1.4,1.2,13.2,32.2,F,FR,rj-barrett-1
44,Alex Petrie,35.0,31.5,.578,772,2017-18,Lafayette,31,21,1.8,105,112,1.4,0.4,.092,2.1,-4.1,-2.0,19.0,1.5,9.5,5.7,7.1,1.1,0.0,12.6,31.5,G,FR,alex-petrie-1
45,R.J. Cole,35.0,33.3,.536,1252,2017-18,Howard,33,32,4.1,109,112,3.4,0.8,.132,3.4,-2.9,0.5,22.2,2.3,9.2,5.7,36.5,2.6,0.0,14.8,33.3,G,FR,rj-cole-1
46,Timo George,35.0,25.6,.714,298,2025-26,Portland,15,1,1.4,127,109,1.0,0.4,.190,2.4,1.4,3.9,26.4,11.8,16.6,14.3,15.7,1.3,5.9,16.5,25.6,F,FR,timo-george-1
47,Deandre Ayton,35.0,26.6,.650,1172,2017-18,Arizona,35,35,7.6,130,99,5.5,2.1,.259,8.6,2.4,11.0,32.6,13.5,28.2,21.4,10.2,1.0,6.1,11.3,26.6,F,FR,deandre-ayton-1
48,Jahlil Okafor,34.9,27.6,.641,1143,2014-15,Duke,38,38,6.7,120,95,4.5,2.2,.235,7.7,2.7,10.4,30.7,14.8,18.2,16.6,9.4,1.5,4.5,15.6,27.6,C,FR,jahlil-okafor-1
49,David Nzekwesi,34.8,24.8,.699,338,2018-19,Denver,25,4,1.7,133,112,1.6,0.1,.203,6.1,-2.1,4.0,29.1,8.0,19.7,13.7,3.4,0.9,2.9,11.0,24.8,F,FR,david-nzekwesi-1
50,Anthony Lamb,34.7,31.0,.582,787,2016-17,Vermont,35,35,3.9,109,91,2.0,1.9,.200,1.7,1.3,3.0,25.8,11.2,18.7,15.1,6.7,2.1,5.8,15.4,31.0,F,FR,anthony-lamb-2
51,B.J. Young,34.5,29.2,.603,807,2011-12,Arkansas,32,7,3.5,113,103,2.6,0.9,.172,7.1,0.6,7.7,24.7,4.0,10.8,7.2,22.0,2.6,1.0,15.5,29.2,G,FR,bj-young-1
52,Jalen Haralson,34.5,33.6,.524,461,2025-26,Notre Dame,18,16,1.1,103,110,0.5,0.6,.092,2.4,0.7,3.1,17.3,6.6,9.9,8.2,21.1,1.0,1.7,16.6,33.6,G,FR,jalen-haralson-1
53,Anthony Bennett,34.4,27.5,.609,950,2012-13,UNLV,35,31,5.7,118,90,3.5,2.2,.238,6.1,2.5,8.6,28.3,10.3,24.0,17.1,8.8,1.5,4.6,12.3,27.5,F,FR,anthony-bennett-1
54,D'Angelo Russell,34.4,30.2,.573,1188,2014-15,Ohio State,35,34,6.8,116,95,4.4,2.4,.229,8.6,3.3,11.9,26.6,3.6,15.4,9.8,30.1,2.8,1.1,14.8,30.2,G,FR,dangelo-russell-1
55,Dylan Harper,34.4,29.0,.587,945,2024-25,Rutgers,29,28,3.9,118,110,3.0,0.9,.166,7.0,2.1,9.2,24.6,2.6,13.5,8.0,27.1,2.6,1.9,12.7,29.0,G,FR,dylan-harper-1
56,Alex Wilkins,34.4,33.5,.539,599,2025-26,Furman,20,20,1.6,105,108,0.8,0.9,.110,-0.7,-2.2,-2.9,15.8,1.0,6.9,4.0,36.1,1.5,0.4,19.4,33.5,G,FR,alex-wilkins-1
57,C.J. McCollum,34.3,28.4,.593,1052,2009-10,Lehigh,33,31,5.4,119,101,4.0,1.4,.205,,,,25.8,5.1,12.3,8.8,17.1,2.3,0.7,11.0,28.4,G,FR,cj-mccollum-1
58,Gavin Sykes,34.2,26.3,.599,596,2025-26,Long Beach State,19,17,2.3,125,115,1.9,0.5,.157,5.9,-2.6,3.3,20.6,1.9,11.3,6.4,9.1,0.5,0.7,4.8,26.3,G,FR,gavin-sykes-1
59,Myles Taylor,34.0,29.0,.564,683,2011-12,UT Martin,28,27,2.4,113,111,2.2,0.2,.139,2.3,-2.4,-0.1,24.7,9.9,18.7,13.7,8.7,1.8,3.2,12.1,29.0,F,FR,myles-taylor-1
60,Mikel Brown Jr.,33.9,30.3,.552,272,2025-26,Louisville,10,10,1.4,119,102,0.8,0.5,.203,4.4,1.0,5.5,20.2,0.0,11.3,5.9,32.9,1.6,0.4,13.8,30.3,G,FR,mikel-brown-jr-1
61,Rashad Vaughn,33.9,30.8,.547,742,2014-15,UNLV,23,23,2.5,104,100,1.4,1.1,.132,4.5,0.1,4.5,20.2,2.3,13.7,8.4,11.8,1.5,1.1,11.8,30.8,G,FR,rashad-vaughn-1
62,Ben Millaud-Meunier,33.9,27.3,.676,339,2012-13,Saint Francis (PA),20,4,0.9,110,116,0.9,-0.1,.102,4.8,-3.6,1.3,21.3,2.9,10.6,6.4,11.7,1.8,0.0,19.9,27.3,G,FR,ben-millaud-meunier-1
63,Markus Howard,33.9,26.7,.686,681,2016-17,Marquette,31,27,2.9,120,109,2.4,0.5,.169,7.9,0.0,7.9,23.1,1.6,10.3,6.1,19.9,2.1,0.3,17.4,26.7,G,FR,markus-howard-1
64,Matt Morgan,33.9,30.0,.560,829,2015-16,Cornell,27,26,2.7,110,109,2.1,0.6,.132,4.6,-1.3,3.3,22.5,1.4,9.7,5.5,14.9,2.5,1.2,10.2,30.0,G,FR,matt-morgan-1
65,Jared Sullinger,33.8,27.0,.591,1172,2010-11,Ohio State,37,36,8.3,126,90,5.4,2.9,.283,7.1,2.4,9.5,30.3,14.1,26.0,20.1,7.4,2.0,2.0,9.9,27.0,F,FR,jared-sullinger-1
66,Tre Johnson,33.6,29.1,.557,1145,2024-25,Texas,33,33,4.2,115,110,3.0,1.1,.145,6.5,1.2,7.7,19.7,1.1,9.0,5.2,16.5,1.6,1.0,9.2,29.1,G,FR,tre-johnson-2
67,Marshawn Wilson,33.6,27.2,.586,588,2015-16,Northern Illinois,31,9,2.8,118,99,1.8,1.0,.191,5.4,0.7,6.1,21.9,3.9,11.9,7.9,12.3,2.0,0.4,9.9,27.2,G,FR,marshawn-wilson-1
68,Sean Armand,33.5,27.0,.574,405,2010-11,Iona,37,4,1.6,115,103,1.2,0.4,.159,5.8,-1.6,4.2,20.5,4.0,9.8,6.9,7.4,1.6,0.5,7.6,27.0,G,FR,sean-armand-1
69,Deshaun Thomas,33.5,28.4,.563,518,2010-11,Ohio State,37,1,3.0,118,94,2.0,1.0,.230,5.0,0.8,5.8,26.0,15.1,16.5,15.8,6.8,1.7,1.3,10.8,28.4,F,FR,deshaun-thomas-1
70,Jamal Murray,33.4,27.3,.590,1267,2015-16,Kentucky,36,36,6.1,120,103,4.4,1.7,.193,8.1,1.4,9.5,22.7,4.9,11.2,8.2,12.1,1.6,0.9,12.1,27.3,G,FR,jamal-murray-1
71,Isaiah Johnson,33.3,23.5,.666,519,2025-26,Colorado,19,2,2.8,141,114,2.4,0.5,.217,7.9,1.3,9.2,24.5,4.7,7.2,6.0,14.4,2.2,0.0,7.3,23.5,G,FR,isaiah-johnson-3
72,Deonte Burton,33.3,31.0,.518,402,2013-14,Marquette,32,3,1.6,104,94,0.7,0.9,.155,2.6,4.5,7.0,23.5,9.5,10.8,10.2,10.9,5.3,4.1,11.6,31.0,G,FR,deonte-burton-2
73,Shabazz Muhammad,33.3,29.8,.528,987,2012-13,UCLA,32,30,3.7,110,105,2.9,0.8,.149,5.8,-1.1,4.7,21.9,9.9,9.3,9.6,5.8,1.3,0.4,8.6,29.8,G,FR,shabazz-muhammad-1
74,Malik Monk,33.3,27.2,.586,1218,2016-17,Kentucky,38,37,5.8,118,101,3.9,1.9,.189,6.5,2.5,9.0,21.5,1.1,7.3,4.2,13.3,1.6,1.5,10.4,27.2,G,FR,malik-monk-1
75,Matas Vokietaitis,33.2,24.8,.675,599,2024-25,Florida Atlantic,34,20,2.9,126,107,2.1,0.8,.191,2.9,-0.6,2.3,25.6,13.8,20.3,17.1,3.1,0.6,4.5,14.1,24.8,C,FR,matas-vokietaitis-1
76,Tyler Hall,33.2,26.3,.596,993,2015-16,Montana State,31,31,3.9,120,111,3.3,0.6,.156,5.6,-1.5,4.1,22.8,2.7,16.3,9.1,11.1,1.6,0.9,10.4,26.3,G,FR,tyler-hall-2
77,Sharife Cooper,33.2,33.1,.519,397,2020-21,Auburn,12,12,1.7,111,107,1.4,0.3,.174,4.7,-0.4,4.3,22.9,2.2,11.3,6.9,51.9,1.6,0.7,17.7,33.1,G,FR,sharife-cooper-1
78,Tre Mitchell,33.2,31.9,.556,954,2019-20,Massachusetts,31,31,3.0,100,99,1.6,1.4,.126,3.4,0.9,4.3,22.2,5.5,22.2,13.7,15.6,1.9,3.5,17.0,31.9,C,FR,tre-mitchell-1
79,Sam Finley,33.1,31.0,.527,669,2013-14,UC Riverside,30,8,1.6,103,109,1.0,0.6,.095,0.6,-2.1,-1.5,17.4,1.4,9.8,5.6,8.2,1.6,0.9,12.1,31.0,G,FR,sam-finley-1
80,Nate Calmese,33.1,28.2,.579,975,2022-23,Lamar,31,31,2.7,111,113,2.3,0.4,.112,3.1,-3.0,0.1,20.3,2.6,6.5,4.5,15.9,2.2,1.0,13.5,28.2,G,FR,nate-calmese-1
81,Jabari Smith,33.0,27.6,.570,978,2021-22,Auburn,34,34,5.6,117,91,3.2,2.3,.227,7.4,3.8,11.1,25.1,3.5,23.5,13.6,14.0,2.1,3.8,11.1,27.6,F,FR,jabari-smith-2
82,Roman Domon,33.0,24.7,.689,418,2025-26,Murray State,20,0,2.2,129,105,1.5,0.7,.213,6.0,1.3,7.3,24.5,6.2,19.4,13.1,12.4,2.3,0.8,16.7,24.7,F,FR,roman-domon-1
83,Chris Clemons,32.9,29.1,.566,965,2015-16,Campbell,30,29,3.3,109,105,2.2,1.1,.139,2.3,-2.2,0.1,21.4,1.2,12.1,6.7,13.2,2.7,0.9,10.4,29.1,G,FR,chris-clemons-2
84,Obi Toppin,32.9,25.1,.692,873,2018-19,Dayton,33,15,4.8,123,98,3.2,1.6,.221,6.2,2.5,8.7,27.9,7.7,17.2,12.9,15.7,1.5,3.7,15.5,25.1,F,FR,obadiah-toppin-1
85,Michael Weathers,32.9,35.7,.524,906,2016-17,Miami (OH),32,28,2.3,96,99,0.8,1.6,.103,0.7,1.8,2.4,22.2,2.8,13.6,8.2,41.3,3.7,6.0,22.3,35.7,G,FR,michael-weathers-1
86,Cody Zeller,32.8,24.3,.665,1025,2011-12,Indiana,36,36,6.8,132,96,5.1,1.8,.267,8.2,3.5,11.7,31.3,11.3,18.4,14.9,9.5,2.9,4.3,12.4,24.3,F,FR,cody-zeller-1
87,B.J. Tyson,32.8,29.8,.539,798,2014-15,East Carolina,33,0,2.8,108,106,2.0,0.8,.139,3.7,-1.5,2.2,21.9,6.7,12.9,9.7,14.9,2.1,0.4,11.7,29.8,G,FR,bj-tyson-1
88,T.J. Weeks Jr.,32.7,26.6,.592,260,2019-20,Massachusetts,10,2,1.1,114,99,0.7,0.4,.174,7.2,1.8,9.0,24.1,3.1,14.3,8.6,5.4,4.0,1.2,8.1,26.6,G,FR,tj-weeks-1
89,Zach Collins,32.7,24.8,.703,673,2016-17,Gonzaga,39,0,5.0,125,79,2.6,2.4,.299,4.6,6.0,10.6,31.0,12.1,23.3,18.4,4.4,1.5,9.8,17.8,24.8,F,FR,zach-collins-1
90,Teddy Allen,32.7,29.7,.524,417,2017-18,West Virginia,35,0,1.6,109,102,1.0,0.6,.154,1.4,-0.3,1.1,19.9,11.0,14.5,12.6,9.3,1.7,0.0,12.4,29.7,F,FR,teddy-allen-1
91,Alec Burks,32.6,27.1,.622,907,2009-10,Colorado,30,30,4.2,121,108,3.6,0.6,.186,,,,25.8,8.3,12.2,10.3,13.6,2.2,1.4,12.3,27.1,G,FR,alec-burks-1
92,Jeremiah Wilkinson,32.6,28.8,.527,875,2024-25,California,32,14,2.3,111,116,1.9,0.4,.104,3.3,-0.4,2.9,17.0,2.0,6.4,4.0,12.3,1.7,0.5,10.0,28.8,G,FR,jeremiah-wilkinson-1
93,Chris Fouch,32.6,26.4,.569,639,2009-10,Drexel,30,0,2.9,117,102,2.1,0.8,.180,,,,21.9,2.0,8.3,5.1,14.7,2.0,0.6,9.1,26.4,G,FR,chris-fouch-1
94,Javon McCrea,32.6,27.5,.612,733,2010-11,Buffalo,34,0,4.4,115,89,2.5,1.8,.238,6.2,3.3,9.5,32.8,17.2,18.6,17.9,19.1,3.5,8.5,17.9,27.5,F,FR,javon-mccrea-1
95,Marcquise Reed,32.6,29.6,.570,973,2014-15,Robert Morris,35,28,3.4,106,102,2.1,1.3,.139,1.8,0.7,2.5,22.1,2.4,7.9,5.3,18.6,4.1,0.1,16.2,29.6,G,FR,marcquise-reed-1
96,Collin Welp,32.5,27.8,.572,591,2018-19,UC Irvine,37,0,2.9,112,93,1.6,1.4,.197,3.3,1.4,4.6,24.3,8.1,21.1,15.0,9.7,1.8,1.8,12.6,27.8,F,FR,collin-welp-1
97,Alessandro Lever,32.5,29.2,.551,724,2017-18,Grand Canyon,34,27,3.1,107,94,1.4,1.7,.170,0.8,0.8,1.6,19.0,6.2,16.0,11.1,12.8,0.9,2.0,13.6,29.2,F,FR,alessandro-lever-1
98,Josh Harris,32.5,26.0,.593,676,2024-25,North Florida,30,30,2.7,122,113,2.2,0.5,.159,1.4,-3.4,-2.0,25.2,13.8,19.8,16.7,5.2,1.7,2.0,8.4,26.0,F,FR,josh-harris-1
99,Derrick Williams,32.5,26.6,.620,875,2009-10,Arizona,31,30,4.3,119,102,3.2,1.1,.195,,,,25.8,9.7,19.7,14.9,6.3,1.3,2.4,13.3,26.6,F,FR,derrick-williams-2
100,Ferg Myrick,32.5,32.4,.514,360,2009-10,New Hampshire,25,1,0.9,93,94,0.2,0.7,.098,,,,16.9,7.0,13.5,10.0,3.4,2.2,2.7,18.2,32.4,F,FR,ferg-myrick-1
101,Darrion Trammell,32.5,30.6,.548,823,2020-21,Seattle,23,18,3.9,109,98,2.5,1.4,.188,3.3,1.0,4.3,23.8,1.8,10.7,6.0,32.4,3.1,0.8,15.5,30.6,G,FR,darrion-trammell-1
102,Pat Curtin,32.5,29.8,.532,323,2025-26,Bucknell,15,7,0.8,107,111,0.4,0.4,.100,0.3,0.1,0.4,19.5,3.9,13.1,8.3,18.2,4.2,0.4,10.2,29.8,G,FR,pat-curtin-1
103,Jeremiah Fears,32.4,31.5,.562,1027,2024-25,Oklahoma,34,31,3.4,108,107,2.1,1.2,.132,4.2,1.7,5.9,20.7,3.1,13.0,8.3,28.6,3.1,0.5,18.3,31.5,G,FR,jeremiah-fears-1
104,Tookie Brown,32.4,28.2,.558,956,2015-16,Georgia Southern,31,26,4.0,115,105,2.9,1.1,.169,3.6,-0.1,3.5,22.9,1.9,9.5,5.5,24.7,3.0,0.5,12.3,28.2,G,FR,tookie-brown-1
105,Darius Acuff Jr.,32.4,26.3,.602,629,2025-26,Arkansas,19,19,3.0,128,112,2.4,0.7,.193,8.1,1.1,9.2,22.5,1.7,8.0,5.0,33.0,1.6,1.4,11.7,26.3,G,FR,darius-acuff-jr-1
106,Doug McDermott,32.3,27.4,.607,1133,2010-11,Creighton,39,39,4.4,112,104,3.3,1.2,.157,4.3,-1.3,3.0,22.9,9.4,20.3,15.2,9.8,0.6,0.4,15.4,27.4,F,FR,doug-mcdermott-1
107,Marcus Foster,32.3,28.8,.546,969,2013-14,Kansas State,33,33,3.2,108,104,1.9,1.3,.133,5.3,1.5,6.8,17.7,3.1,9.5,6.3,20.9,1.2,0.8,13.4,28.8,G,FR,marcus-foster-1
108,Jabari Walker,32.3,26.0,.641,369,2020-21,Colorado,26,0,2.2,119,91,1.4,0.9,.241,5.3,3.1,8.4,26.9,11.6,25.6,18.7,7.7,2.0,3.7,15.4,26.0,F,FR,jabari-walker-1
109,Tounde Yessoufou,32.2,27.2,.566,548,2025-26,Baylor,18,18,2.4,119,105,1.5,0.9,.175,4.3,1.4,5.7,22.8,9.7,11.0,10.4,11.1,4.0,2.1,12.0,27.2,G,FR,tounde-yessoufou-1
110,Zion Walker,32.2,27.2,.579,304,2024-25,Radford,27,1,1.2,118,112,0.9,0.3,.152,3.1,-1.9,1.2,20.6,2.8,9.4,6.2,20.2,1.8,0.0,12.7,27.2,G,FR,zion-walker-1
111,Mikey Lewis,32.2,27.7,.526,560,2024-25,St. Mary's (CA),35,0,2.2,110,98,1.0,1.2,.157,3.9,3.2,7.2,17.0,2.5,9.9,6.1,7.8,2.6,1.5,9.3,27.7,G,FR,mikey-lewis-1
112,Diamond Stone,32.1,26.7,.610,807,2015-16,Maryland,35,22,4.1,118,98,2.6,1.5,.204,3.8,2.0,5.8,26.7,12.4,14.5,13.6,4.2,1.3,7.1,12.9,26.7,C,FR,diamond-stone-1
113,Elijah Bryant,32.1,34.6,.501,840,2014-15,Elon,33,13,2.0,95,99,0.7,1.3,.095,1.4,-0.3,1.1,18.5,5.8,12.9,9.2,24.7,2.9,1.7,19.8,34.6,G,FR,elijah-bryant-1
114,Anthony Edwards,32.1,30.4,.520,1057,2019-20,Georgia,32,32,3.6,106,104,2.5,1.1,.136,4.8,0.7,5.5,20.8,2.5,14.8,8.7,17.9,2.3,1.7,12.9,30.4,G,FR,anthony-edwards-2
115,Isaac Haas,32.0,30.4,.547,496,2014-15,Purdue,34,11,1.5,99,98,0.6,0.8,.120,-0.6,0.5,-0.1,19.9,13.1,19.6,16.5,4.3,0.5,5.3,18.6,30.4,C,FR,isaac-haas-1
116,Alex Chaikin,32.0,23.7,.675,847,2024-25,Lafayette,32,19,3.4,123,109,2.4,0.9,.159,3.2,-1.9,1.3,19.8,2.1,9.3,5.7,9.2,1.3,0.7,11.5,23.7,G,FR,alex-chaikin-1
117,Mike Tobey,32.0,27.7,.566,416,2012-13,Virginia,30,2,2.0,111,93,1.2,0.8,.190,3.3,1.7,4.9,24.0,10.9,16.8,13.8,8.4,0.5,5.2,10.4,27.7,F,FR,mike-tobey-1
118,Brandon McCoy,32.0,27.5,.590,949,2017-18,UNLV,33,33,4.0,112,100,2.4,1.6,.170,2.6,0.3,2.9,25.2,12.8,25.2,19.5,3.5,0.9,5.7,15.5,27.5,F,FR,brandon-mccoy-1
119,Hunter Dickinson,32.0,27.3,.628,727,2020-21,Michigan,28,23,3.8,114,94,2.3,1.5,.209,3.9,3.6,7.5,25.8,10.9,21.3,16.6,7.3,0.7,5.3,16.9,27.3,C,FR,hunter-dickinson-1
120,Ray'Sean Taylor,32.0,29.7,.544,678,2021-22,SIU Edwardsville,21,21,2.3,104,100,1.3,1.0,.137,2.4,0.1,2.4,20.4,3.5,14.5,8.8,22.4,3.2,0.5,15.8,29.7,G,FR,raysean-taylor-1
121,Andrew Rowsey,32.0,27.5,.590,1156,2013-14,UNC Asheville,32,32,3.9,115,111,3.1,0.8,.136,2.8,-2.9,-0.1,19.9,1.4,9.5,5.7,17.2,2.1,0.3,15.7,27.5,G,FR,andrew-rowsey-1
122,Markus Burton,32.0,33.3,.510,1114,2023-24,Notre Dame,33,33,2.9,99,103,1.1,1.8,.102,1.4,2.6,4.0,18.2,2.2,9.1,5.7,34.9,3.5,0.7,17.9,33.3,G,FR,markus-burton-1
123,Hannes Steinbach,31.9,24.8,.617,519,2025-26,Washington,16,16,2.8,127,103,1.8,1.0,.215,7.5,2.1,9.6,26.8,14.2,24.2,19.3,10.2,1.7,2.9,11.7,24.8,F,FR,hannes-steinbach-1
124,Evan Boudreaux,31.9,27.9,.567,868,2015-16,Dartmouth,27,27,3.6,112,100,2.2,1.4,.168,2.4,-1.0,1.4,22.5,8.3,26.3,17.1,8.1,1.5,1.0,14.2,27.9,F,FR,evan-boudreaux-1
125,Souley Boum,31.9,31.3,.518,732,2017-18,San Francisco,36,12,1.8,100,105,0.8,0.9,.097,0.5,-0.3,0.2,15.8,3.2,11.9,7.4,11.2,1.5,0.7,14.0,31.3,G,FR,souley-boum-1
126,Johni Broome,31.9,27.7,.583,774,2020-21,Morehead State,30,27,4.4,112,88,2.3,2.1,.226,2.6,1.5,4.2,29.2,14.7,26.2,20.8,6.7,1.4,8.5,13.8,27.7,F,FR,johni-broome-1
127,Nick Muszynski,31.8,25.4,.638,797,2018-19,Belmont,32,32,4.7,124,96,3.1,1.6,.236,4.6,3.3,7.9,29.4,5.9,18.6,12.6,20.4,1.3,8.5,11.9,25.4,C,FR,nick-muszynski-1
128,David Collette,31.8,26.5,.600,792,2014-15,Utah State,31,31,4.0,116,96,2.5,1.5,.200,2.7,3.0,5.7,26.6,7.6,14.9,11.6,12.7,2.0,7.8,9.8,26.5,F,FR,david-collette-1
129,Christian Keeling,31.8,27.7,.549,968,2016-17,Charleston Southern,31,28,3.6,113,107,2.6,1.0,.150,3.5,-2.2,1.3,23.4,4.5,22.7,13.0,9.5,1.7,1.1,9.8,27.7,G,FR,christian-keeling-1
130,Desmond Cambridge Jr.,31.8,28.7,.522,809,2017-18,Brown,27,27,2.5,109,107,1.7,0.9,.126,3.0,-0.9,2.1,19.7,3.3,14.3,8.5,9.4,2.0,3.7,8.0,28.7,G,FR,desmond-cambridge-2
131,Blake Harper,31.7,27.6,.585,1101,2024-25,Howard,32,32,4.1,118,112,3.2,0.9,.151,1.5,-2.8,-1.2,20.0,3.5,17.3,10.6,20.1,1.6,0.1,13.9,27.6,G,FR,blake-harper-1
132,Brandon Miller,31.7,26.2,.583,1208,2022-23,Alabama,37,37,7.0,120,92,4.1,2.9,.230,7.8,4.3,12.0,23.4,6.7,17.7,12.6,12.9,1.5,2.4,12.0,26.2,F,FR,brandon-miller-3
133,Jack Daugherty,31.7,22.6,.666,397,2024-25,Illinois State,33,6,1.5,128,112,1.2,0.3,.154,6.1,-2.2,4.0,20.8,3.6,14.3,9.1,4.7,0.9,0.3,5.4,22.6,F,FR,jack-daugherty-2
134,Braden Frager,31.7,22.6,.672,425,2025-26,Nebraska,19,1,2.4,133,99,1.4,1.0,.226,6.3,2.7,9.0,22.2,5.6,13.8,10.0,7.6,1.5,0.6,7.5,22.6,F,FR,braden-frager-1
135,K.D. Johnson,31.7,30.1,.529,360,2020-21,Georgia,16,0,1.1,102,100,0.6,0.5,.126,2.6,2.2,4.8,19.0,3.3,10.0,6.7,10.3,4.3,0.9,14.3,30.1,G,FR,kd-johnson-1
136,Nate Ament,31.7,28.5,.540,508,2025-26,Tennessee,18,18,2.3,114,97,1.1,1.2,.184,2.9,3.6,6.4,19.4,6.5,17.7,12.5,15.6,2.8,1.8,15.4,28.5,F,FR,nate-ament-1
137,R.J. Hunter,31.7,26.8,.570,1038,2012-13,Georgia State,31,31,4.6,116,102,3.5,1.1,.177,5.7,-0.1,5.6,25.5,3.5,16.9,9.8,13.1,3.2,3.2,10.1,26.8,G,FR,rj-hunter-1
138,Kyle Filipowski,31.7,29.6,.533,1047,2022-23,Duke,36,36,4.8,108,92,2.3,2.5,.185,4.0,3.4,7.5,23.2,10.3,24.8,17.8,11.4,2.7,2.7,15.0,29.6,C,FR,kyle-filipowski-1
139,Keyonte George,31.6,30.8,.524,944,2022-23,Baylor,33,33,2.9,105,105,1.8,1.1,.125,4.5,1.1,5.6,17.8,4.2,13.6,8.8,20.1,2.3,0.7,16.4,30.8,G,FR,keyonte-george-1
140,Cleveland Melvin,31.6,28.0,.544,708,2010-11,DePaul,27,18,2.0,107,109,1.6,0.4,.112,4.6,0.0,4.6,24.4,9.4,13.3,11.2,7.1,2.1,5.3,10.4,28.0,F,FR,cleveland-melvin-1
141,Desmar Jackson,31.6,31.1,.563,642,2009-10,Wyoming,31,12,1.7,99,103,0.9,0.7,.105,,,,20.5,5.0,7.6,6.3,23.7,3.8,1.7,20.9,31.1,G,FR,desmar-jackson-1
142,Jaylen Franklin,31.6,30.6,.551,883,2015-16,Abilene Christian,30,23,2.6,103,104,1.4,1.1,.117,-0.6,-1.6,-2.1,20.6,3.1,13.2,8.1,22.2,3.4,0.5,16.2,30.6,G,FR,jaylen-franklin-1
143,Chris Fields Jr.,31.6,29.6,.531,384,2023-24,Norfolk State,30,3,1.8,109,93,0.9,0.9,.186,-0.7,-1.3,-2.0,24.9,13.3,17.3,15.3,13.9,4.6,3.2,13.3,29.6,F,FR,chris-fields-jr-1
144,Maxwell Lewis,31.6,31.2,.542,410,2021-22,Pepperdine,21,2,0.8,96,104,0.3,0.5,.077,1.8,0.7,2.5,18.5,5.3,13.3,9.2,14.2,3.3,2.8,18.0,31.2,F,FR,maxwell-lewis-1
145,Kendall Anthony,31.6,27.7,.570,815,2011-12,Richmond,32,1,2.4,110,112,2.2,0.2,.118,4.4,-1.8,2.6,18.9,2.2,4.5,3.3,16.2,1.6,0.0,12.5,27.7,G,FR,kendall-anthony-1
146,Filip Petrusev,31.5,23.7,.661,366,2018-19,Gonzaga,32,0,2.4,130,92,1.5,0.9,.258,3.4,2.4,5.8,25.0,7.6,17.9,13.3,4.5,0.8,4.1,11.3,23.7,F,FR,filip-petrusev-1
147,Jordan Dykstra,31.5,23.5,.656,643,2010-11,South Dakota State,31,17,3.4,128,103,2.7,0.7,.213,6.3,0.0,6.3,27.9,7.9,20.6,14.0,12.0,2.1,2.7,13.0,23.5,F,FR,jordan-dykstra-1
148,Luka Garza,31.5,24.4,.613,715,2017-18,Iowa,33,26,3.4,127,109,2.7,0.6,.188,6.0,-0.5,5.5,26.6,12.8,20.4,16.7,9.7,0.9,4.6,9.7,24.4,F,FR,luka-garza-1
149,Nigel James Jr.,31.5,28.6,.553,542,2025-26,Marquette,20,17,1.6,110,111,1.0,0.6,.119,4.9,2.0,6.9,20.2,2.6,9.3,5.8,36.4,3.3,1.0,14.9,28.6,G,FR,nigel-james-jr-1
150,Sam Dower,31.4,24.6,.622,495,2010-11,Gonzaga,35,0,2.7,122,95,1.8,1.0,.222,3.3,1.5,4.9,26.3,10.4,16.3,13.5,5.4,1.7,5.9,11.6,24.6,C,FR,sam-dower-1
151,Four McGlynn,31.4,27.9,.545,871,2011-12,Vermont,36,1,3.2,109,102,2.2,1.0,.148,2.6,-1.2,1.3,17.9,1.7,7.1,4.4,11.2,1.7,0.3,12.0,27.9,G,FR,four-mcglynn-1
152,Tariq Francis,31.3,30.2,.505,742,2023-24,NJIT,27,11,1.8,104,110,1.2,0.7,.099,2.7,-1.6,1.2,19.1,4.4,12.5,8.2,23.6,3.1,0.4,12.0,30.2,G,FR,tariq-francis-1
153,Kingston Flemings,31.3,24.3,.603,550,2025-26,Houston,18,18,3.7,129,91,2.1,1.6,.266,6.8,7.1,13.9,25.6,1.6,11.3,6.3,34.1,4.0,1.8,12.1,24.3,G,FR,kingston-flemings-1
154,James Blackmon,31.3,26.9,.548,989,2014-15,Indiana,33,33,3.8,117,109,3.1,0.6,.152,6.0,-1.1,4.9,21.2,6.3,14.3,10.4,10.2,1.3,0.2,10.1,26.9,G,FR,james-blackmon-1
155,Cameron Tyson,31.3,26.5,.597,813,2018-19,Idaho,32,31,1.6,109,118,1.7,-0.1,.080,2.6,-4.9,-2.3,17.2,1.8,6.8,4.4,6.9,1.1,0.4,11.5,26.5,G,FR,cameron-tyson-1
156,Tobias Harris,31.3,27.2,.540,993,2010-11,Tennessee,34,33,4.4,113,99,2.9,1.5,.177,5.5,1.8,7.3,23.8,7.5,20.6,14.0,10.4,1.4,3.4,11.4,27.2,F,FR,tobias-harris-1
157,Preston Parks,31.3,29.1,.531,841,2016-17,The Citadel,31,9,2.1,108,114,1.9,0.3,.102,4.1,-2.4,1.7,20.7,3.2,8.4,5.6,26.8,3.5,0.6,13.2,29.1,G,FR,preston-parks-1
158,Adrian Wooley,31.2,25.6,.636,1107,2024-25,Kennesaw State,33,32,4.9,119,104,3.2,1.7,.176,3.8,0.9,4.7,21.3,4.3,12.5,8.5,23.4,2.4,0.3,18.3,25.6,G,FR,adrian-wooley-1
159,Jared Brownridge,31.2,24.2,.614,1107,2013-14,Santa Clara,33,33,4.3,123,113,3.7,0.6,.154,4.7,-1.1,3.6,20.9,1.1,8.3,4.6,16.0,1.3,0.4,9.4,24.2,G,FR,jared-brownridge-1
160,Isaiah Collier,31.2,29.7,.567,809,2023-24,Southern California,27,26,2.2,106,109,1.4,0.8,.110,3.2,1.0,4.2,19.3,2.5,8.6,5.6,30.9,2.8,0.8,18.7,29.7,G,FR,isaiah-collier-2
161,Kellan Grady,31.2,24.7,.611,1163,2017-18,Davidson,33,32,5.0,122,107,3.8,1.2,.173,4.8,0.0,4.8,21.4,2.6,8.8,5.8,11.3,1.4,0.3,6.2,24.7,G,FR,kellan-grady-1
162,Amadou Sow,31.2,26.4,.599,759,2018-19,UC Santa Barbara,32,31,3.4,113,98,2.0,1.4,.179,0.2,-0.8,-0.6,23.5,12.0,20.4,16.2,3.9,1.4,3.6,16.0,26.4,F,FR,amadou-sow-1
163,Cade Cunningham,31.2,29.1,.574,956,2020-21,Oklahoma State,27,26,4.0,106,97,2.3,1.7,.166,5.1,3.2,8.3,21.6,2.3,16.3,9.6,20.4,2.5,2.3,18.7,29.1,G,FR,cade-cunningham-1
164,Drew McDonald,31.2,28.6,.553,581,2015-16,Northern Kentucky,30,2,2.2,111,105,1.5,0.7,.152,2.6,-1.6,1.0,23.6,12.8,23.9,18.4,13.4,0.8,2.0,13.2,28.6,F,FR,drew-mcdonald-1
165,Dimencio Vaughn,31.1,26.1,.595,804,2017-18,Rider,29,22,3.6,115,100,2.2,1.3,.177,3.5,0.8,4.3,24.9,9.4,16.3,12.7,7.4,3.5,3.1,14.9,26.1,G,FR,dimencio-vaughn-1
166,Andrew Rohde,31.1,28.4,.555,1019,2022-23,St. Thomas,31,31,3.9,111,105,2.7,1.1,.151,3.2,-0.4,2.8,22.0,2.9,10.9,6.9,24.3,3.0,0.3,12.6,28.4,G,FR,andrew-rohde-1
167,Jaylen Brown,31.1,31.4,.518,939,2015-16,California,34,34,2.7,99,97,1.0,1.8,.117,1.1,2.5,3.6,17.6,4.4,16.6,10.8,15.3,1.7,2.2,17.9,31.4,F,FR,jaylen-brown-1
168,Drew Lowder,31.1,31.2,.543,316,2019-20,Holy Cross,12,6,0.4,98,117,0.4,-0.1,.045,2.2,-4.8,-2.6,17.5,1.1,8.6,4.7,30.6,1.8,0.0,18.4,31.2,G,FR,drew-lowder-1
169,Miles Bridges,31.0,27.3,.580,895,2016-17,Michigan State,28,27,3.6,108,97,1.8,1.7,.160,6.7,3.6,10.3,23.1,5.7,23.1,15.0,14.5,1.2,4.9,13.9,27.3,F,FR,miles-bridges-1
170,Damiyne Durham,31.0,27.6,.514,706,2015-16,Cal State Bakersfield,32,0,2.7,106,94,1.2,1.5,.153,3.5,0.0,3.5,18.0,2.8,13.7,8.3,6.9,2.7,0.7,7.6,27.6,G,FR,damiyne-durham-1
171,Julius Thedford,31.0,27.9,.545,395,2024-25,Western Kentucky,18,6,1.2,107,105,0.6,0.6,.121,2.4,0.0,2.4,18.0,2.6,15.5,9.0,8.5,1.5,1.8,9.7,27.9,G,FR,julius-thedford-1
172,Asa Newell,31.0,23.5,.612,958,2024-25,Georgia,33,33,5.2,131,104,3.8,1.4,.218,7.6,2.0,9.6,26.1,13.9,13.5,13.7,6.7,2.0,3.8,8.2,23.5,F,FR,asa-newell-1
173,Jordan Marsh,31.0,30.0,.501,371,2023-24,Appalachian State,32,1,1.5,105,94,0.6,0.9,.159,-0.1,1.6,1.5,20.3,1.8,11.7,7.2,20.5,3.6,2.0,10.8,30.0,G,FR,jordan-marsh-1
174,Dakarai Henderson,31.0,26.7,.558,372,2013-14,Sam Houston State,31,0,1.0,105,106,0.5,0.4,.103,0.3,-2.2,-1.9,15.3,0.6,7.8,4.2,7.9,2.1,0.3,11.7,26.7,G,FR,dakarai-henderson-1
175,Josh Dixon,30.9,28.7,.514,375,2025-26,Milwaukee,20,8,0.6,107,121,0.5,0.1,.064,-0.8,-2.5,-3.3,13.7,1.1,6.7,3.7,16.5,1.1,0.3,12.0,28.7,G,FR,josh-dixon-1
176,Derik Queen,30.9,26.6,.591,1093,2024-25,Maryland,36,36,5.9,117,92,3.1,2.8,.216,5.1,4.2,9.2,24.7,9.0,24.6,16.9,11.6,2.0,3.8,14.5,26.6,C,FR,derik-queen-1
177,TJ Robinson,30.9,29.4,.512,364,2025-26,Saint Peter's,17,3,1.2,109,105,0.6,0.6,.136,-0.5,-1.2,-1.7,17.5,2.7,9.2,5.8,28.7,3.0,0.0,14.4,29.4,G,FR,tj-robinson-3
178,Przemek Karnowski,30.9,27.8,.547,365,2012-13,Gonzaga,34,1,1.5,106,94,0.8,0.7,.165,0.1,-0.5,-0.4,21.9,12.8,17.9,15.4,4.0,1.0,3.6,13.8,27.8,C,FR,przemek-karnowski-1
179,Sam Sessoms,30.9,32.7,.534,1132,2018-19,Binghamton,33,32,1.3,95,111,0.7,0.6,.046,0.0,-3.9,-3.9,16.4,2.5,8.4,5.5,25.2,1.9,0.2,20.5,32.7,G,FR,sam-sessoms-1
180,Bryce Aiken,30.9,28.9,.553,724,2016-17,Harvard,26,9,2.4,106,103,1.4,1.0,.133,2.6,-0.9,1.7,17.1,1.8,7.1,4.6,22.1,1.7,0.0,15.8,28.9,G,FR,bryce-aiken-1
181,Monty Scott,30.8,30.2,.519,354,2016-17,Kennesaw State,23,1,0.6,100,111,0.4,0.2,.071,-0.7,-3.7,-4.4,16.0,3.5,7.9,5.6,14.3,1.7,0.6,14.9,30.2,G,FR,james-scott-2
182,Eric Paschall,30.8,29.5,.526,842,2014-15,Fordham,27,27,1.9,100,106,1.1,0.8,.089,2.1,-1.7,0.4,17.5,6.1,14.5,10.2,8.2,1.5,1.7,15.7,29.5,F,FR,eric-paschall-1
183,Donovan Clingan,30.8,24.2,.633,511,2022-23,Connecticut,39,0,3.3,120,83,1.7,1.7,.261,5.5,6.0,11.4,33.1,19.9,29.3,24.7,7.4,1.8,14.3,15.9,24.2,C,FR,donovan-clingan-1
184,Rashawn Thomas,30.8,26.7,.600,547,2013-14,Texas A&M–Corpus Christi,25,0,1.8,106,102,0.9,0.8,.128,0.3,-0.2,0.1,22.9,9.3,19.8,14.7,5.3,1.8,7.2,17.9,26.7,F,FR,rashawn-thomas-1
185,Warren Williams,30.8,29.4,.560,607,2018-19,Manhattan,32,24,1.4,96,99,0.4,1.0,.093,-2.7,-0.3,-3.0,18.4,10.0,15.4,12.5,8.9,1.5,5.6,19.9,29.4,F,FR,warren-williams-3
186,Meleek Thomas,30.7,26.3,.545,513,2025-26,Arkansas,19,3,2.2,122,108,1.5,0.7,.172,5.7,2.5,8.1,20.4,4.3,10.4,7.5,18.3,3.2,0.4,7.3,26.3,G,FR,meleek-thomas-1
187,Markeith Cummings,30.7,28.0,.536,1123,2009-10,Kennesaw State,33,31,3.6,107,106,2.6,0.9,.127,,,,20.4,7.6,12.4,9.9,15.3,1.7,0.5,15.0,28.0,F,FR,markeith-cummings-1
188,Jaylen Lawal,30.7,25.4,.582,274,2025-26,Tulsa,19,0,1.2,125,108,0.8,0.4,.179,1.5,-0.9,0.6,18.0,3.2,12.7,8.2,17.5,1.1,0.4,11.3,25.4,G,FR,jaylen-lawal-1
189,Andrew Alekseyenko,30.6,27.8,.577,568,2025-26,Colgate,20,20,2.0,113,109,1.2,0.8,.138,2.1,-1.6,0.6,20.2,8.2,17.4,13.1,17.4,1.7,0.6,15.1,27.8,F,FR,andrew-alekseyenko-1
190,Paolo Banchero,30.6,27.5,.557,1286,2021-22,Duke,39,39,6.1,114,98,4.0,2.2,.191,5.4,2.3,7.7,24.2,6.4,19.1,13.2,17.5,1.9,2.7,13.3,27.5,F,FR,paolo-banchero-1
191,Isaiah Miller,30.6,27.4,.557,570,2017-18,UNC Greensboro,35,0,3.0,111,88,1.4,1.6,.209,1.1,4.4,5.5,24.7,9.8,13.5,11.6,21.3,5.0,0.5,14.9,27.4,G,FR,isaiah-miller-1
192,Ignas Brazdeikis,30.6,26.1,.573,1096,2018-19,Michigan,37,37,5.5,113,91,2.8,2.7,.201,5.3,3.7,8.9,21.4,4.6,16.1,10.5,6.1,1.5,1.7,8.8,26.1,F,FR,ignas-brazdeikis-1
193,Karl-Anthony Towns,30.6,23.7,.627,822,2014-15,Kentucky,39,39,6.4,127,78,3.5,2.9,.311,6.6,7.6,14.3,31.4,14.2,22.3,18.5,11.6,1.4,11.5,14.2,23.7,F,FR,karl-anthony-towns-1
194,Malik Mack,30.6,29.2,.536,797,2023-24,Harvard,24,24,2.7,109,107,1.8,0.9,.133,2.7,-0.4,2.3,20.1,1.8,11.6,6.8,32.9,2.4,0.3,13.7,29.2,G,FR,malik-mack-1
195,Malik Edmead,30.6,32.2,.521,254,2020-21,Merrimack,17,0,0.6,95,100,0.2,0.4,.092,-1.9,-1.1,-2.9,18.1,2.4,8.6,5.6,26.8,3.0,0.0,17.0,32.2,G,FR,malik-edmead-1
196,Matthew Wilson,30.6,25.7,.630,536,2016-17,Army,32,0,1.9,108,101,1.0,0.8,.140,0.3,-0.8,-0.5,20.9,9.7,22.9,16.3,4.8,0.6,1.2,16.7,25.7,F,FR,matthew-wilson-2
197,All Wright,30.5,27.8,.524,1006,2024-25,Valparaiso,34,31,2.8,110,112,1.9,0.8,.110,2.3,-1.5,0.8,17.2,1.8,6.9,4.2,17.7,1.7,0.8,8.4,27.8,G,FR,all-wright-1
198,Trevion Williams,30.5,26.7,.545,349,2018-19,Purdue,34,8,1.9,118,95,1.2,0.7,.222,4.5,2.0,6.4,28.6,20.5,25.4,23.0,11.8,2.1,5.5,10.5,26.7,F,FR,trevion-williams-1
199,Donnie Freeman,30.5,25.8,.591,357,2024-25,Syracuse,14,13,1.2,113,108,0.8,0.4,.135,4.1,0.8,4.8,21.5,4.9,31.2,18.1,11.2,0.8,1.5,13.6,25.8,F,FR,donnie-freeman-1
200,Dwayne Bacon,30.5,28.8,.521,979,2015-16,Florida State,34,32,2.9,105,105,1.7,1.2,.119,2.4,0.3,2.7,19.0,5.4,17.4,11.5,10.4,1.9,0.1,12.6,28.8,G,FR,dwayne-bacon-1
201,Charles Williams,30.5,27.9,.512,1019,2016-17,Howard,34,25,2.3,105,111,1.7,0.6,.091,1.0,-3.0,-2.0,15.8,3.5,5.7,4.6,5.5,1.1,1.3,9.9,27.9,G,FR,charles-williams-5
202,Emmett Adair,30.5,27.1,.544,340,2025-26,Loyola (MD),15,5,0.9,112,115,0.6,0.3,.107,-0.3,-4.7,-4.9,18.4,12.4,11.7,12.1,11.2,1.0,1.3,11.3,27.1,F,FR,emmett-adair-1
203,De'Andre Hunter,30.5,25.7,.584,657,2017-18,Virginia,33,0,3.7,118,91,2.0,1.7,.227,5.4,4.4,9.8,23.5,7.5,15.0,11.3,11.8,1.9,2.7,10.7,25.7,G,FR,deandre-hunter-1
204,Vasean Allette,30.4,29.5,.513,611,2023-24,Old Dominion,19,18,1.5,103,106,0.8,0.7,.101,2.3,0.0,2.2,20.3,3.2,16.2,9.5,22.2,3.2,0.0,11.8,29.5,G,FR,vasean-allette-1
205,Jayden Gardner,30.4,27.4,.567,949,2018-19,East Carolina,31,31,3.5,111,105,2.4,1.1,.148,2.9,-1.4,1.4,23.0,10.8,20.8,15.7,9.7,1.4,1.7,14.4,27.4,F,FR,jayden-gardner-1
206,Jerrick Harding,30.4,24.4,.638,562,2016-17,Weber State,32,7,2.4,122,107,1.9,0.6,.173,3.9,-0.8,3.1,22.3,2.6,9.4,6.3,9.1,1.9,1.0,10.7,24.4,G,FR,jerrick-harding-1
207,Devin Cannady,30.4,22.3,.677,638,2015-16,Princeton,29,0,3.6,131,99,2.5,1.1,.224,5.7,1.4,7.1,23.7,3.5,9.3,6.5,10.8,2.8,0.8,11.7,22.3,G,FR,devin-cannady-1
208,Michael Cooper,30.4,26.2,.548,448,2025-26,Wright State,16,14,1.7,118,108,1.1,0.6,.152,3.1,-0.6,2.5,18.9,2.7,11.6,7.3,17.5,1.8,1.0,8.6,26.2,G,FR,michael-cooper-4
209,AJ Green,30.4,31.2,.522,1017,2018-19,Northern Iowa,34,34,2.0,96,104,0.7,1.3,.079,0.7,-1.8,-1.0,15.0,1.5,11.0,6.2,19.7,1.3,0.2,16.2,31.2,G,FR,aj-green-1
210,Jalen Johnson,30.4,28.6,.575,278,2020-21,Duke,13,8,1.1,104,95,0.6,0.5,.162,4.3,4.2,8.5,25.8,8.3,25.2,16.6,20.5,3.1,6.0,20.6,28.6,F,FR,jalen-johnson-24
211,De'Aaron Fox,30.4,27.5,.549,1064,2016-17,Kentucky,36,34,5.1,114,97,3.1,2.1,.192,4.3,3.9,8.2,22.7,2.1,12.2,7.2,28.6,2.7,0.7,13.7,27.5,G,FR,deaaron-fox-1
212,QJ Peterson,30.4,27.8,.516,1152,2013-14,VMI,35,35,3.7,110,108,2.6,1.1,.128,0.4,-2.0,-1.6,20.2,5.3,11.3,8.3,10.9,2.7,0.9,10.6,27.8,G,FR,qj-peterson-1
213,Eugene German,30.4,28.8,.525,530,2016-17,Northern Illinois,31,7,1.2,100,106,0.6,0.6,.088,-0.8,-2.0,-2.8,15.3,1.7,7.5,4.5,11.9,1.1,0.7,14.5,28.8,G,FR,eugene-german-1
214,Thomas Bryant,30.4,22.1,.704,791,2015-16,Indiana,35,35,4.4,130,100,3.1,1.3,.222,5.3,2.3,7.6,26.6,11.1,19.1,15.3,8.1,1.2,4.1,16.4,22.1,C,FR,thomas-bryant-1
215,Airious Bailey,30.4,27.5,.536,1000,2024-25,Rutgers,30,30,2.8,108,109,1.7,1.1,.112,3.7,0.8,4.5,19.9,7.0,17.5,12.2,8.3,1.7,4.1,11.0,27.5,G,FR,airious-bailey-1
216,Derin Saran,30.3,26.3,.567,592,2023-24,UC Irvine,31,0,2.8,116,98,1.6,1.2,.186,3.3,2.0,5.3,22.0,7.9,12.0,10.1,17.3,2.8,0.3,11.8,26.3,G,FR,derin-saran-1
217,Andrew Wiggins,30.3,26.3,.563,1148,2013-14,Kansas,35,35,4.9,116,103,3.2,1.7,.170,5.7,2.6,8.3,21.4,8.4,12.3,10.4,9.2,2.1,3.1,13.1,26.3,G,FR,andrew-wiggins-1
218,Terquavion Smith,30.3,27.5,.522,1010,2021-22,NC State,32,25,2.8,108,111,2.3,0.5,.111,5.1,-0.1,5.1,19.8,3.1,12.3,7.4,14.7,2.4,1.6,9.8,27.5,G,FR,terquavion-smith-1
219,Taurean Thompson,30.3,26.7,.569,607,2016-17,Syracuse,34,21,2.1,108,102,1.2,0.9,.135,1.4,1.6,3.0,22.3,9.2,15.0,12.1,7.1,2.2,6.5,13.8,26.7,F,FR,taurean-thompson-1
220,Niven Hart,30.3,26.6,.561,459,2019-20,Fresno State,26,0,1.2,105,108,0.9,0.3,.103,3.0,-1.6,1.4,18.2,5.0,11.1,8.0,4.8,1.2,1.1,12.9,26.6,G,FR,niven-hart-1
221,David Jenkins Jr.,30.3,26.4,.574,1032,2017-18,South Dakota State,35,21,3.5,112,107,2.4,1.1,.135,1.0,-1.4,-0.4,17.6,1.1,10.4,6.0,10.4,0.7,0.0,10.7,26.4,G,FR,david-jenkinsjr-1
222,Leland King,30.3,29.1,.510,529,2013-14,Brown,29,6,1.7,100,94,0.5,1.2,.131,0.8,-0.1,0.7,19.9,9.4,20.2,14.9,8.2,1.5,3.1,12.2,29.1,F,FR,leland-king-1
223,Stefan Moody,30.3,29.0,.544,908,2012-13,Florida Atlantic,29,20,2.6,103,104,1.7,0.8,.114,1.4,-2.0,-0.6,18.4,2.5,13.2,7.8,18.0,1.4,1.0,17.9,29.0,G,FR,stefan-moody-1
224,Onyeka Okongwu,30.2,23.6,.645,858,2019-20,Southern California,28,28,5.4,123,88,3.2,2.1,.251,6.7,4.9,11.6,31.1,12.4,18.4,15.5,8.4,2.3,9.8,13.7,23.6,F,FR,onyeka-okongwu-1
225,Stan Okoye,30.2,26.4,.562,636,2009-10,VMI,29,10,1.9,110,110,1.6,0.3,.120,,,,24.3,9.9,18.9,14.0,4.3,1.7,5.0,11.6,26.4,F,FR,stan-okoye-1
226,Sterling Manley,30.2,25.0,.602,369,2017-18,North Carolina,37,0,1.6,116,100,1.0,0.6,.178,3.2,1.7,4.9,24.8,14.4,23.8,19.2,5.5,0.3,7.1,16.2,25.0,F,FR,sterling-manley-1
227,Kenneth Lofton Jr.,30.2,28.1,.580,729,2020-21,Louisiana Tech,32,28,3.8,107,88,1.8,2.0,.206,2.6,2.5,5.1,25.8,12.2,23.7,18.0,14.4,2.6,3.5,18.9,28.1,F,FR,kenneth-loftonjr-1
228,Davante Gardner,30.2,23.7,.628,296,2010-11,Marquette,33,0,1.4,123,104,1.1,0.3,.193,3.8,0.4,4.2,23.7,13.9,14.6,14.3,7.1,0.8,1.8,14.2,23.7,F,FR,davante-gardner-1
229,Allonzo Trier,30.2,24.9,.603,757,2015-16,Arizona,27,21,3.2,117,101,2.1,1.1,.170,3.9,1.8,5.7,18.7,2.0,10.9,6.7,7.6,1.1,0.8,13.6,24.9,G,FR,allonzo-trier-1
230,Tim Kempton,30.2,29.9,.551,844,2013-14,Lehigh,32,31,2.0,98,102,0.7,1.3,.095,-2.4,-1.0,-3.4,18.4,10.6,20.1,15.5,6.9,1.6,1.4,19.2,29.9,C,FR,tim-kempton-2
231,Matas Deniusas,30.2,27.3,.538,511,2025-26,UT Martin,20,20,2.2,111,96,0.9,1.3,.172,0.8,-0.3,0.5,18.5,9.0,13.9,11.6,14.0,1.4,4.9,14.9,27.3,F,FR,matas-deniusas-1
232,Josh Okogie,30.2,27.6,.549,1141,2016-17,Georgia Tech,37,37,4.5,108,97,2.3,2.2,.158,2.7,3.0,5.7,20.7,5.6,13.5,9.8,12.1,2.4,2.5,12.4,27.6,G,FR,josh-okogie-1
233,Keaton Wagler,30.1,22.6,.617,595,2025-26,Illinois,19,19,3.8,141,105,2.8,1.0,.253,8.1,3.1,11.2,23.5,7.4,10.6,9.1,22.3,1.4,0.9,9.9,22.6,G,FR,keaton-wagler-1
234,Malcolm Smith,30.1,28.0,.525,573,2011-12,Lipscomb,31,9,1.8,106,106,1.3,0.5,.123,0.1,-2.6,-2.5,19.4,11.4,16.3,13.7,3.7,1.0,1.1,12.6,28.0,F,FR,malcolm-smith-1
235,Je'Shawn Stevenson,30.1,25.5,.563,702,2024-25,Cleveland State,36,0,3.0,116,100,1.7,1.3,.174,1.4,0.8,2.2,21.0,6.8,8.0,7.4,10.1,4.2,1.3,11.6,25.5,G,FR,jeshawn-stevenson-1
236,Trevon Lewis,30.1,28.2,.552,684,2011-12,Nicholls State,28,13,1.6,103,110,1.3,0.3,.093,0.5,-2.4,-1.9,21.4,7.4,20.0,13.3,10.6,2.3,3.1,14.9,28.2,F,FR,trevon-lewis-1
237,Cole Anthony,30.1,30.0,.501,768,2019-20,North Carolina,22,20,2.1,100,102,1.2,0.9,.108,3.3,1.8,5.1,17.5,1.4,16.4,8.7,24.1,2.1,0.9,15.9,30.0,G,FR,cole-anthony-1
238,Jordan Ellerbee,30.1,23.7,.618,472,2025-26,Florida Gulf Coast,19,9,1.7,124,115,1.4,0.4,.148,3.4,-1.6,1.9,19.8,5.2,10.9,8.0,15.6,2.0,0.3,12.4,23.7,G,FR,jordan-ellerbee-1
239,Ben Simmons,30.1,26.4,.600,1151,2015-16,Louisiana State,33,32,6.0,117,98,3.9,2.1,.207,7.0,3.3,10.3,29.0,9.6,26.8,18.2,27.4,3.1,2.5,17.4,26.4,F,FR,ben-simmons-1
240,Jordan Watford,30.1,23.7,.660,410,2025-26,Queens (NC),20,8,1.9,134,121,1.8,0.1,.183,3.4,-1.5,2.0,22.9,5.2,9.1,7.2,36.4,1.2,1.1,16.6,23.7,G,FR,jordan-watford-1
241,Cameron Payne,30.1,29.4,.526,1111,2013-14,Murray State,34,34,4.0,108,104,2.5,1.5,.145,2.7,0.2,2.9,20.5,1.1,11.3,6.3,34.2,3.0,1.7,16.8,29.4,G,FR,cameron-payne-1
242,Trip Day,30.1,24.2,.645,656,2017-18,North Florida,33,8,2.2,120,116,2.1,0.1,.134,3.0,-2.2,0.8,23.5,10.1,12.0,11.1,9.6,1.6,2.0,14.0,24.2,F,FR,trip-day-1
243,Karon Abraham,30.1,23.7,.629,938,2009-10,Robert Morris,35,24,4.3,121,103,3.2,1.0,.182,,,,19.8,2.8,6.7,4.7,12.9,1.5,0.5,14.2,23.7,G,FR,karon-abraham-1
244,Mahamadou Diawara,30.1,28.1,.601,859,2019-20,Stetson,33,31,2.7,104,103,1.8,0.9,.125,-1.2,-2.8,-4.0,22.0,15.0,15.5,15.3,6.8,1.3,2.9,22.3,28.1,F,FR,mahamadou-diawara-1
245,Terrence Jones,30.1,28.2,.512,1196,2010-11,Kentucky,38,35,5.9,109,90,3.1,2.8,.199,4.2,3.9,8.1,25.5,9.0,22.1,15.8,10.3,2.2,6.0,11.4,28.2,F,FR,terrence-jones-1
246,Lauri Markkanen,30.0,22.5,.635,1140,2016-17,Arizona,37,37,6.7,134,100,4.8,1.8,.235,7.9,1.5,9.4,25.0,10.0,17.5,14.0,5.6,0.8,1.8,8.1,22.5,F,FR,lauri-markkanen-1
247,Jordyn Adams,30.0,27.6,.535,1094,2019-20,Austin Peay,33,31,3.5,108,106,2.6,0.9,.128,1.8,-2.2,-0.4,18.2,2.8,8.8,5.7,12.7,1.6,0.9,13.0,27.6,G,FR,jordyn-adams-1
248,Joshua Smith,30.0,25.8,.576,717,2010-11,UCLA,33,15,3.6,115,96,2.3,1.3,.199,4.1,1.9,5.9,26.2,19.4,14.5,16.8,7.0,2.3,4.5,14.3,25.8,C,FR,joshua-smith-1
249,Isaiah Stewart,30.0,24.5,.629,1031,2019-20,Washington,32,32,5.7,120,94,3.7,2.0,.222,5.0,2.4,7.4,26.9,10.7,19.5,15.5,6.3,0.9,7.0,14.1,24.5,F,FR,isaiah-stewart-2
250,Ray Lee,30.0,30.2,.505,780,2013-14,Eastern Michigan,36,29,1.7,96,100,0.4,1.3,.088,-0.7,-0.2,-0.9,14.9,1.6,5.5,3.6,18.7,2.5,0.5,16.4,30.2,G,FR,ray-lee-2
251,Khalil Ahmad,30.0,27.1,.543,818,2015-16,Cal State Fullerton,30,20,2.6,109,107,1.7,0.8,.126,2.8,-0.9,1.9,19.4,3.0,14.8,8.8,14.3,1.7,0.8,12.2,27.1,G,FR,khalil-ahmad-1
252,Kyle Vinales,30.0,29.3,.513,1007,2011-12,Central Connecticut State,29,29,2.4,102,108,1.8,0.6,.097,1.6,-2.3,-0.7,16.8,1.1,6.3,3.5,24.1,2.0,0.2,14.9,29.3,G,FR,kyle-vinales-1
253,Melo Trimble,30.0,25.0,.628,1173,2014-15,Maryland,35,35,6.1,121,99,4.2,1.9,.206,5.2,2.7,7.9,22.8,0.7,11.9,6.8,21.2,2.3,0.2,16.0,25.0,G,FR,melo-trimble-1
254,Graham Ike,29.9,26.4,.623,256,2020-21,Wyoming,12,7,0.8,107,105,0.6,0.2,.128,-1.0,-1.1,-2.0,20.6,6.7,23.2,14.8,8.1,1.3,1.6,18.3,26.4,F,FR,graham-ike-1
255,DeSean Murray,29.9,28.5,.540,661,2014-15,Presbyterian,20,20,2.0,105,106,1.4,0.6,.119,2.1,-2.0,0.2,24.1,13.5,16.5,15.1,12.3,2.9,1.9,15.7,28.5,F,FR,desean-murray-1
256,Isaiah Canaan,29.9,23.9,.643,733,2009-10,Murray State,36,0,4.0,120,93,2.4,1.5,.216,,,,21.0,2.1,10.4,6.6,14.9,2.5,0.1,17.1,23.9,G,FR,isaiah-canaan-1
257,Will Rayman,29.9,27.4,.567,941,2016-17,Colgate,32,26,2.5,105,107,1.6,0.9,.106,1.3,-1.8,-0.5,17.7,5.9,13.6,9.8,8.1,1.4,1.7,14.4,27.4,F,FR,will-rayman-1
258,Zeke Nnaji,29.9,24.1,.630,981,2019-20,Arizona,32,32,5.6,121,92,3.5,2.1,.229,5.6,2.3,8.0,25.7,11.5,20.3,15.9,5.8,1.3,3.3,14.6,24.1,F,FR,zeke-nnaji-1
259,Isaiah Evans,29.9,22.4,.621,495,2024-25,Duke,36,3,2.2,125,103,1.4,0.8,.179,5.6,1.7,7.2,16.7,1.0,7.9,4.8,6.4,0.8,0.7,7.5,22.4,G,FR,isaiah-evans-1
260,Issac Vann,29.8,26.6,.571,481,2015-16,Maine,17,16,1.5,111,108,1.1,0.4,.128,2.5,-0.6,1.8,22.2,6.3,16.4,11.0,12.3,2.9,2.7,13.8,26.6,F,FR,issac-vann-1
261,Zyree Collins,29.8,28.2,.537,454,2025-26,Austin Peay,17,16,1.9,109,97,0.8,1.1,.164,0.4,2.9,3.3,19.9,5.1,8.3,6.6,27.2,5.1,0.0,15.3,28.2,G,FR,zyree-collins-1
262,Troy Huff,29.8,29.9,.513,894,2010-11,North Dakota,34,22,2.5,98,98,1.0,1.4,.110,0.2,-1.9,-1.7,19.4,7.4,13.0,10.2,11.4,2.7,1.3,14.6,29.9,G,FR,troy-huff-1
263,Rayshon Harrison,29.8,29.0,.508,693,2020-21,Presbyterian,20,20,2.4,104,100,1.3,1.0,.136,2.2,-1.6,0.6,19.5,4.7,15.9,9.9,18.2,2.4,1.3,13.5,29.0,G,FR,rayshon-harrison-1
264,D'Andre Wright,29.8,26.5,.571,402,2012-13,Tulsa,24,8,1.7,110,98,1.1,0.6,.168,-0.3,0.3,0.0,22.6,12.4,24.4,18.2,4.4,0.1,7.2,14.4,26.5,F,FR,dandre-wright-1
265,Josh Jackson,29.8,27.2,.559,1077,2016-17,Kansas,35,35,4.9,111,96,2.7,2.2,.180,5.7,4.2,9.9,24.2,8.7,17.5,13.3,18.2,3.1,3.5,15.9,27.2,G,FR,josh-jackson-2
266,Zeek Woodley,29.8,21.6,.663,746,2013-14,Northwestern State,31,24,3.1,129,110,2.6,0.6,.168,3.3,-2.5,0.8,23.3,7.8,11.8,9.8,5.3,0.8,3.1,10.5,21.6,G,FR,zikiteran-woodley-1
267,Joe Cremo,29.8,23.2,.637,684,2015-16,Albany (NY),33,1,3.8,126,97,2.5,1.3,.225,4.7,1.0,5.7,24.4,5.3,15.3,10.5,14.1,2.0,1.0,14.0,23.2,G,FR,joe-cremo-1
268,Jordan Poole,29.7,25.6,.583,476,2017-18,Michigan,38,0,2.0,110,96,1.0,1.0,.165,3.4,3.9,7.3,19.1,0.8,12.7,6.8,9.2,2.6,1.3,11.1,25.6,G,FR,jordan-poole-1
269,Grant Golden,29.7,29.3,.537,981,2017-18,Richmond,32,32,1.9,100,109,1.1,0.8,.077,1.2,-0.9,0.3,19.6,6.0,21.7,13.7,16.0,1.1,4.4,15.0,29.3,F,FR,grant-golden-1
270,Adam Flagler,29.7,24.5,.586,1105,2018-19,Presbyterian,36,36,3.8,115,107,2.9,1.0,.139,3.5,-2.0,1.5,19.2,2.8,10.0,6.3,8.3,1.5,1.0,7.9,24.5,G,FR,adam-flagler-1
271,Vertrail Vaughns,29.7,22.7,.633,304,2010-11,George Mason,32,0,1.4,121,99,1.0,0.5,.186,5.1,0.9,6.0,21.0,5.7,8.7,7.3,7.7,2.3,0.4,11.6,22.7,G,FR,vertrail-vaughns-1
272,Seth Towns,29.7,28.7,.543,689,2016-17,Harvard,28,20,2.1,101,97,0.8,1.3,.124,-0.3,0.4,0.1,17.4,5.5,14.3,10.1,11.6,2.3,2.4,17.0,28.7,F,FR,seth-towns-1
273,Coby White,29.6,26.8,.556,999,2018-19,North Carolina,35,35,4.1,111,99,2.4,1.7,.165,5.2,2.8,8.0,19.2,1.3,11.3,6.4,24.4,2.0,1.3,15.5,26.8,G,FR,coby-white-1
274,Grant Riller,29.6,24.9,.591,944,2016-17,College of Charleston,35,27,3.8,115,102,2.4,1.4,.162,2.0,0.8,2.8,20.4,1.6,7.0,4.4,11.3,2.1,0.9,10.8,24.9,G,FR,grant-riller-1
275,Damon Lynn,29.6,26.6,.543,981,2013-14,NJIT,29,29,3.0,109,107,1.9,1.0,.121,2.2,-2.5,-0.3,17.5,1.8,7.6,4.7,13.1,2.1,0.1,10.3,26.6,G,FR,damon-lynn-1
276,Mikey Dixon,29.6,24.7,.585,924,2016-17,Quinnipiac,31,20,2.7,116,115,2.5,0.2,.119,3.2,-2.1,1.1,19.5,3.7,9.7,6.5,15.8,1.3,0.2,13.4,24.7,G,FR,mikey-dixon-1
277,Martez Harrison,29.6,29.1,.532,973,2013-14,Kansas City,30,27,2.3,103,109,1.5,0.9,.096,1.4,-0.5,0.9,18.6,2.5,9.6,5.9,26.4,2.9,0.0,16.0,29.1,G,FR,martez-harrison-1
278,Sean Kilpatrick,29.6,25.1,.558,720,2010-11,Cincinnati,35,1,3.5,116,96,2.2,1.3,.193,5.8,2.1,7.9,21.9,6.9,11.9,9.3,16.2,2.4,0.3,12.4,25.1,G,FR,sean-kilpatrick-1
279,Javion Hamlet,29.6,25.8,.604,942,2019-20,North Texas,31,31,5.2,122,102,4.0,1.1,.219,5.5,-0.4,5.1,23.8,1.8,10.7,6.5,33.1,1.4,0.1,16.1,25.8,G,FR,javion-hamlet-1
280,Kayden Mingo,29.5,25.9,.564,456,2025-26,Penn State,15,15,1.8,119,109,1.2,0.6,.161,3.7,2.4,6.1,23.8,2.4,14.1,8.0,29.9,4.7,0.3,10.6,25.9,G,FR,kayden-mingo-1
281,Tyler Harvey,29.5,24.4,.611,295,2012-13,Eastern Washington,21,4,1.1,113,106,0.8,0.2,.146,3.1,0.0,3.1,23.6,2.9,15.5,9.0,26.3,3.0,0.9,14.7,24.4,G,FR,tyler-harvey-1
282,Jordan Tolbert,29.5,28.9,.573,740,2011-12,Texas Tech,31,29,1.9,100,103,1.1,0.8,.104,0.2,0.2,0.3,19.5,10.8,21.1,16.1,7.8,1.3,3.4,20.4,28.9,F,FR,jordan-tolbert-1
283,Terrell Stoglin,29.5,27.0,.567,710,2010-11,Maryland,33,15,2.7,108,100,1.7,1.0,.153,3.5,1.2,4.6,19.1,1.3,5.1,3.3,29.2,2.0,0.4,18.4,27.0,G,FR,terrell-stoglin-1
284,Jake Hall,29.5,21.9,.621,533,2025-26,New Mexico,19,19,2.7,130,102,1.6,1.1,.200,5.2,1.1,6.3,18.9,2.6,10.1,6.4,10.9,1.3,0.3,5.9,21.9,G,FR,jake-hall-1
285,Julius Randle,29.5,25.4,.567,1233,2013-14,Kentucky,40,40,5.9,116,98,3.5,2.4,.191,5.4,2.1,7.5,24.5,13.3,24.7,19.2,10.0,1.0,2.6,16.1,25.4,F,FR,julius-randle-1
286,Amari Davis,29.4,26.7,.545,946,2019-20,Green Bay,33,27,2.7,108,109,2.3,0.5,.116,0.4,-2.6,-2.2,19.8,5.5,9.5,7.5,10.6,1.8,0.8,10.3,26.7,G,FR,amari-davis-1
287,Jahii Carson,29.4,28.3,.552,1303,2012-13,Arizona State,35,34,4.5,106,104,3.2,1.3,.137,2.5,0.0,2.6,19.9,1.5,10.0,5.8,29.8,1.9,0.2,17.5,28.3,G,FR,jahii-carson-1
288,Kevair Kennedy,29.4,27.6,.575,699,2025-26,Merrimack,20,20,2.0,110,110,1.2,0.8,.116,1.0,-1.2,-0.2,19.1,3.9,11.0,7.5,28.3,2.8,0.3,17.9,27.6,G,FR,kevair-kennedy-1
289,Vince Hunter,29.4,25.9,.580,876,2013-14,UTEP,34,28,4.1,111,93,2.0,2.0,.185,1.9,1.5,3.4,22.3,11.1,17.1,14.4,11.9,1.9,3.1,15.7,25.9,F,FR,vince-hunter-1
290,Kyle Wilson,29.4,27.1,.542,809,2012-13,Army,31,12,2.3,106,107,1.7,0.6,.113,1.2,-2.6,-1.3,17.0,2.2,8.4,5.3,16.6,1.0,0.0,13.5,27.1,G,FR,kyle-wilson-5
291,Elias Harris,29.3,24.2,.609,998,2009-10,Gonzaga,34,34,5.2,119,96,3.3,1.9,.207,,,,24.0,8.6,18.1,13.7,7.9,1.8,1.6,13.3,24.2,F,FR,elias-harris-1
292,Marques Warrick,29.3,24.6,.562,811,2020-21,Northern Kentucky,25,23,2.8,117,112,2.5,0.3,.138,3.1,-1.9,1.2,19.7,2.6,6.7,4.6,12.1,1.5,0.8,10.0,24.6,G,FR,marques-warrick-1
293,Jaren Jackson Jr.,29.3,23.5,.647,764,2017-18,Michigan State,35,34,4.6,121,86,2.3,2.2,.239,4.4,7.3,11.7,26.9,8.8,19.7,15.0,9.3,1.6,14.3,17.4,23.5,F,FR,jaren-jacksonjr-1
294,Daniel Gafford,29.3,23.9,.594,790,2017-18,Arkansas,35,26,3.7,120,101,2.5,1.3,.189,4.0,2.8,6.8,26.8,11.2,20.0,15.7,6.0,1.3,11.5,9.6,23.9,F,FR,daniel-gafford-1
295,Raheem Appleby,29.3,25.4,.547,892,2011-12,Louisiana Tech,32,22,2.9,110,105,2.1,0.8,.129,2.8,-0.6,2.2,19.6,3.8,7.0,5.2,9.8,2.3,0.2,9.7,25.4,G,FR,raheem-appleby-1
296,Brian Parker,29.3,27.6,.578,913,2015-16,Marist,29,27,2.2,107,115,1.9,0.3,.095,1.6,-3.5,-1.9,19.9,5.7,13.2,9.4,22.2,1.3,0.1,18.4,27.6,G,FR,brian-parker-2
297,Tahj Tate,29.3,28.0,.518,848,2011-12,Delaware State,24,22,2.2,105,109,1.7,0.4,.102,0.6,-3.9,-3.2,19.1,4.0,5.6,4.8,18.5,2.3,0.5,12.9,28.0,G,FR,tahj-tate-1
298,Harrison Barnes,29.3,26.6,.520,1087,2010-11,North Carolina,37,36,4.3,109,97,2.5,1.8,.159,5.0,2.3,7.3,19.4,7.2,12.8,10.1,9.5,1.4,1.4,11.5,26.6,F,FR,harrison-barnes-1
299,Jackie Johnson III,29.3,27.6,.535,582,2021-22,Duquesne,30,11,1.0,101,112,0.8,0.2,.068,2.3,-1.9,0.4,16.6,1.3,8.0,4.4,13.9,2.0,0.7,15.0,27.6,G,FR,jackie-johnsoniii-1
300,Devin Booker,29.3,22.8,.600,816,2014-15,Kentucky,38,0,4.5,123,92,2.7,1.8,.219,6.1,3.3,9.4,19.4,2.6,7.8,5.4,10.9,1.3,0.3,10.4,22.8,G,FR,devin-booker-2
301,Reeves Nelson,29.3,24.5,.620,655,2009-10,UCLA,28,14,2.4,110,102,1.5,0.8,.145,,,,23.0,10.5,20.0,15.3,4.0,1.9,3.4,15.7,24.5,F,FR,reeves-nelson-1
302,Brandon Ingram,29.3,25.5,.552,1246,2015-16,Duke,36,34,4.9,115,104,3.4,1.5,.157,6.0,2.0,8.0,22.5,6.0,15.5,10.8,11.4,1.9,3.6,11.3,25.5,G,FR,brandon-ingram-1
303,Dan Jech,29.3,26.9,.572,400,2015-16,South Dakota,31,0,0.7,101,111,0.5,0.2,.070,-0.9,-2.7,-3.6,16.2,5.8,16.3,11.0,3.0,0.4,3.4,15.2,26.9,F,FR,dan-jech-1
304,Jamier Jones,29.3,21.5,.680,410,2025-26,Providence,18,6,1.7,130,115,1.3,0.3,.161,4.9,0.8,5.8,22.0,7.1,13.2,10.4,10.7,2.1,0.7,12.8,21.5,F,FR,jamier-jones-1
305,TJ Leaf,29.3,22.0,.660,1048,2016-17,UCLA,35,35,5.8,131,101,4.2,1.6,.220,6.5,2.1,8.6,26.6,9.0,19.7,14.9,13.2,1.1,3.5,10.8,22.0,F,FR,tj-leaf-1
306,Carter Welling,29.2,24.3,.595,414,2023-24,UC Irvine,30,10,2.2,121,95,1.3,0.9,.211,1.1,2.5,3.6,22.5,9.3,19.8,14.8,6.2,0.7,7.4,11.9,24.3,C,FR,carter-welling-1
307,Evan Payne,29.2,27.4,.540,956,2013-14,Loyola Marymount,32,25,1.7,103,114,1.3,0.4,.072,1.2,-0.6,0.6,16.5,3.7,6.6,5.1,10.0,2.5,0.6,15.8,27.4,G,FR,evan-payne-1
308,Nasir Meyer,29.2,23.4,.613,483,2025-26,Wyoming,18,10,2.1,122,107,1.3,0.7,.170,4.9,0.2,5.1,19.9,5.1,17.9,11.4,16.9,1.7,0.2,13.8,23.4,G,FR,nasir-meyer-1
309,Tahaad Pettiford,29.2,25.9,.560,871,2024-25,Auburn,38,1,3.4,115,105,2.1,1.3,.157,4.7,3.0,7.7,17.7,1.2,9.5,5.4,23.0,2.2,0.9,13.6,25.9,G,FR,tahaad-pettiford-1
310,Ben McLemore,29.2,23.2,.633,1191,2012-13,Kansas,37,36,6.5,121,94,4.2,2.3,.217,7.2,3.4,10.5,23.2,5.0,13.2,9.4,12.6,1.8,2.2,14.2,23.2,G,FR,ben-mclemore-1
311,Koa Peat,29.2,23.9,.586,518,2025-26,Arizona,19,19,2.8,123,96,1.5,1.3,.217,4.8,3.9,8.7,21.7,9.0,13.9,11.7,17.0,1.7,2.5,11.9,23.9,F,FR,koa-peat-1
312,Tony Mitchell,29.2,23.8,.645,676,2011-12,North Texas,23,22,4.1,115,83,2.1,2.0,.244,4.6,4.0,8.6,29.7,9.6,31.6,20.3,11.8,1.7,11.0,19.8,23.8,F,FR,tony-mitchell-4
313,Kaleb Wesson,29.2,23.3,.615,682,2017-18,Ohio State,33,30,3.9,128,99,2.7,1.2,.229,5.1,2.5,7.6,25.5,13.9,14.4,14.1,10.2,1.6,3.6,11.0,23.3,F,FR,kaleb-wesson-1
314,Kevin Easley Jr.,29.1,28.0,.533,814,2018-19,Chattanooga,29,28,2.1,102,106,1.2,0.9,.101,1.4,-2.1,-0.7,19.0,6.9,20.2,13.5,9.4,1.4,1.2,13.1,28.0,F,FR,kevin-easley-2
315,Lindell Wigginton,29.1,28.4,.529,1022,2017-18,Iowa State,31,31,1.9,101,111,1.2,0.7,.076,2.4,0.1,2.5,15.9,2.1,10.2,6.2,17.7,1.6,1.4,15.8,28.4,G,FR,lindell-wigginton-1
316,Brandon Knight,29.1,27.0,.553,1363,2010-11,Kentucky,38,38,5.3,110,101,3.6,1.8,.157,4.5,0.9,5.5,19.3,2.2,10.2,6.3,23.4,1.1,0.6,16.8,27.0,G,FR,brandon-knight-1
317,Fletcher Magee,29.1,21.8,.679,921,2015-16,Wofford,32,22,3.4,125,112,2.9,0.5,.147,5.4,-2.0,3.4,19.7,1.6,12.0,6.8,11.3,0.8,0.4,12.6,21.8,G,FR,fletcher-magee-1
318,Bonzie Colson,29.1,22.2,.639,386,2014-15,Notre Dame,32,1,2.3,131,96,1.6,0.7,.240,5.6,3.2,8.9,28.7,9.6,17.5,13.9,6.6,3.1,5.8,9.1,22.2,F,FR,bonzie-colson-1
319,Greg Gantt,29.1,23.7,.552,929,2009-10,Florida Atlantic,30,26,3.0,117,110,2.6,0.4,.130,,,,18.7,3.5,5.2,4.3,7.3,1.2,0.3,5.4,23.7,G,FR,greg-gantt-1
320,Stephan Hicks,29.1,25.4,.544,840,2011-12,Cal State Northridge,28,23,2.7,112,109,2.3,0.4,.128,2.6,-2.2,0.4,21.0,9.5,20.0,14.0,8.2,1.7,0.3,12.8,25.4,G,FR,stephen-hicks-1
321,James Bouknight,29.1,25.4,.560,725,2019-20,Connecticut,28,16,3.1,112,99,2.0,1.1,.170,4.2,1.0,5.2,19.9,6.7,11.3,9.0,11.4,1.7,0.9,13.3,25.4,G,FR,james-bouknight-1
322,Trey Cady,29.1,26.8,.529,286,2025-26,North Florida,18,3,0.4,108,123,0.4,0.0,.057,-1.1,-4.6,-5.7,15.4,6.2,17.3,11.7,4.7,0.9,1.7,9.3,26.8,F,FR,trey-cady-1
323,Daniel Utomi,29.1,24.6,.598,289,2016-17,Akron,30,2,0.9,110,106,0.6,0.3,.120,2.4,-0.7,1.7,16.9,2.1,12.5,7.4,5.5,1.8,0.7,13.7,24.6,G,FR,daniel-utomi-1
324,Stanley Johnson,29.1,26.6,.551,1081,2014-15,Arizona,38,37,5.7,111,88,2.8,2.9,.212,5.0,4.4,9.4,22.5,8.9,19.1,14.1,11.6,3.2,1.6,14.7,26.6,F,FR,stanley-johnson-1
325,Tim Hardaway Jr.,29.1,25.5,.557,1074,2010-11,Michigan,35,35,4.2,112,101,2.8,1.4,.157,5.6,2.6,8.2,20.3,3.1,12.0,7.6,12.1,2.0,0.6,9.4,25.5,G,FR,tim-hardaway-jr-1
326,Davion Buster,29.1,22.8,.613,297,2018-19,Lamar,19,0,1.3,120,101,0.9,0.4,.175,4.0,-2.0,2.0,19.8,0.8,11.5,6.0,16.6,2.1,0.4,12.5,22.8,G,FR,davion-buster-1
327,Jordan Adams,29.1,24.0,.572,999,2012-13,UCLA,33,27,4.8,118,97,3.2,1.6,.191,5.2,4.1,9.3,23.7,2.4,12.2,7.2,11.3,4.2,1.1,8.3,24.0,G,FR,jordan-adams-1
328,Myles Turner,29.1,25.1,.556,755,2014-15,Texas,34,7,4.0,113,86,1.9,2.1,.213,3.4,6.0,9.3,25.5,7.2,24.9,16.7,6.2,0.8,12.3,13.2,25.1,F,FR,myles-turner-1
329,Malik Beasley,29.0,24.2,.583,1014,2015-16,Florida State,34,33,4.0,118,105,2.9,1.1,.158,5.2,1.0,6.2,20.8,5.0,15.1,10.1,9.8,1.8,0.6,11.5,24.2,G,FR,malik-beasley-1
330,Xavier Johnson,29.0,29.9,.531,1028,2018-19,Pittsburgh,33,33,3.0,101,102,1.5,1.4,.115,2.3,1.1,3.4,17.9,4.1,9.5,6.8,34.2,2.4,0.5,21.5,29.9,G,FR,xavier-johnson-2
331,ShawnDre' Jones,29.0,26.8,.557,409,2013-14,Richmond,30,2,1.2,104,103,0.6,0.6,.114,2.7,1.3,4.0,16.5,2.2,6.4,4.3,14.3,2.3,0.5,14.8,26.8,G,FR,shawndre-jones-1
332,TySean Powell,29.0,24.8,.601,413,2014-15,Duquesne,29,7,1.2,108,108,0.9,0.3,.112,-0.8,-1.6,-2.4,20.5,8.8,16.2,12.6,4.2,1.6,4.1,16.9,24.8,F,FR,tysean-powell-1
333,Ben Johnson,29.0,25.0,.593,784,2022-23,Bellarmine,32,2,2.0,108,110,1.5,0.5,.102,0.7,-3.1,-2.4,17.2,1.4,11.5,6.5,11.4,1.5,0.0,11.7,25.0,G,FR,ben-johnson-6
334,Jomaru Brown,29.0,28.9,.525,770,2018-19,Eastern Kentucky,31,11,1.8,98,102,0.7,1.1,.092,-0.5,0.2,-0.3,17.0,2.5,10.5,6.2,17.1,3.9,0.3,16.7,28.9,G,FR,jomaru-brown-1
335,Dennis Smith Jr.,29.0,27.2,.563,1114,2016-17,NC State,32,32,4.0,112,109,3.1,0.9,.142,5.4,1.1,6.5,23.1,2.7,11.5,7.3,34.2,3.1,1.2,17.3,27.2,G,FR,dennis-smithjr-1
336,Jerrell Wright,29.0,26.3,.588,672,2011-12,La Salle,34,33,3.2,109,91,1.7,1.5,.189,1.1,2.1,3.3,24.6,12.9,22.4,17.5,8.4,2.5,5.2,17.0,26.3,F,FR,jerrell-wright-1
337,Jyare Davis,28.9,23.3,.622,614,2021-22,Delaware,31,4,2.6,121,105,2.0,0.6,.172,3.7,-0.7,3.0,23.6,7.3,18.1,12.9,10.4,0.7,2.3,11.0,23.3,F,FR,jyare-davis-1
338,Paris Bass,28.9,29.4,.519,831,2014-15,Detroit Mercy,33,21,2.4,99,99,1.0,1.3,.114,0.9,0.7,1.7,20.7,7.7,19.5,13.5,16.7,2.8,5.5,17.5,29.4,G,FR,paris-bass-1
339,Jayson Tatum,28.9,26.2,.566,966,2016-17,Duke,29,27,4.1,111,98,2.3,1.8,.169,4.6,3.2,7.9,22.0,4.8,19.7,12.6,12.4,2.3,3.2,15.0,26.2,F,FR,jayson-tatum-1
340,Layne Taylor,28.9,26.0,.525,709,2024-25,Central Arkansas,20,20,1.8,110,114,1.3,0.4,.100,1.9,-0.9,0.9,18.4,1.7,10.0,5.6,23.7,3.1,0.6,9.1,26.0,G,FR,layne-taylor-1
341,Derrick Jones Jr.,28.9,23.2,.611,646,2015-16,UNLV,30,15,3.1,119,96,1.8,1.3,.193,1.9,2.4,4.3,24.2,8.6,13.4,11.0,8.1,2.3,6.2,11.3,23.2,F,FR,derrick-jonesjr-1
342,Robert Hinton,28.8,25.8,.549,817,2024-25,Harvard,27,26,2.4,111,110,1.6,0.8,.117,0.3,-1.2,-0.8,19.0,3.9,12.4,8.2,13.4,2.5,0.1,9.6,25.8,G,FR,robert-hinton-1
343,Ryan Daly,28.8,26.2,.517,1072,2016-17,Delaware,32,21,3.3,111,109,2.5,0.8,.122,4.3,-1.6,2.7,21.3,7.1,18.5,12.7,15.1,1.5,0.9,7.3,26.2,G,FR,ryan-daly-1
344,Denzel Mahoney,28.8,24.0,.593,976,2016-17,Southeast Missouri State,33,33,3.6,119,110,2.9,0.7,.148,2.8,-2.1,0.6,19.5,5.6,12.1,8.7,8.5,1.3,0.5,9.8,24.0,G,FR,denzel-mahoney-1
345,Grayson Allen,28.8,23.5,.583,322,2014-15,Duke,35,0,1.5,122,100,1.1,0.5,.192,3.0,2.0,5.0,19.3,3.5,8.9,6.4,7.8,1.9,1.5,10.3,23.5,G,FR,grayson-allen-1
346,Nick Garth,28.8,26.2,.529,734,2015-16,Lamar,29,5,2.2,110,109,1.6,0.6,.120,3.3,-2.7,0.6,17.4,3.0,8.8,5.8,21.5,1.9,0.1,12.6,26.2,G,FR,nick-garth-1
347,Milton Doyle,28.8,29.8,.530,1050,2013-14,Loyola Chicago,32,32,2.2,100,107,1.1,1.1,.086,0.6,-0.7,-0.1,17.6,3.7,12.6,8.2,25.7,2.3,2.5,19.3,29.8,G,FR,milton-doyle-1
348,Tyler Davis,28.8,22.1,.656,820,2015-16,Texas A&M,36,34,4.4,123,95,2.7,1.7,.215,4.5,3.1,7.6,25.8,14.1,15.6,14.9,6.6,1.4,5.9,15.8,22.1,C,FR,tyler-davis-5
349,Bryce Cofield,28.8,28.8,.528,440,2025-26,Cal State Fullerton,20,16,0.9,102,109,0.4,0.6,.086,-1.8,-0.6,-2.4,17.1,5.6,20.8,12.8,21.5,1.7,2.1,16.4,28.8,G,FR,bryce-cofield-1
350,Kofi Cockburn,28.8,24.7,.571,850,2019-20,Illinois,31,31,4.3,115,93,2.6,1.7,.205,4.3,2.2,6.5,25.8,14.3,21.7,18.0,5.0,1.2,5.3,14.0,24.7,C,FR,kofi-cockburn-1
351,Sebastian Akins,28.8,29.3,.502,820,2024-25,Denver,32,10,1.2,101,114,0.7,0.5,.059,-1.3,-2.1,-3.4,15.3,1.3,9.8,5.4,23.6,2.1,1.2,13.3,29.3,G,FR,sebastian-akins-1
352,Zach Thomas,28.8,24.7,.616,356,2014-15,Bucknell,22,9,1.4,114,105,1.0,0.4,.153,2.4,-0.5,1.9,21.6,7.2,22.5,14.7,11.8,1.4,1.8,17.9,24.7,G,FR,zach-thomas-1
353,Dontel Highsmith,28.7,21.7,.605,251,2013-14,Northern Illinois,11,8,1.3,125,97,0.8,0.5,.209,4.8,2.7,7.5,24.0,6.3,11.7,9.0,14.5,2.7,1.0,9.5,21.7,G,FR,dontel-highsmith-1
354,Darren Buchanan Jr.,28.7,25.3,.588,896,2023-24,George Washington,29,21,3.4,115,107,2.3,1.1,.150,2.8,0.4,3.2,22.6,6.5,16.4,11.7,16.7,2.4,1.4,14.4,25.3,F,FR,darren-buchanan-jr-1
355,Dusan Perovic,28.7,26.8,.533,378,2014-15,Binghamton,15,9,0.7,98,106,0.4,0.3,.074,0.8,-1.4,-0.6,15.3,1.9,14.2,7.9,5.0,1.3,0.7,12.0,26.8,F,FR,dusan-perovic-1
356,Ian Clark,28.7,26.1,.580,918,2009-10,Belmont,31,31,3.0,105,100,1.7,1.3,.131,,,,17.3,2.8,9.2,6.2,16.9,2.1,1.1,18.9,26.1,G,FR,ian-clark-1
357,Darius Quisenberry,28.7,26.2,.539,870,2018-19,Youngstown State,32,32,2.8,113,111,2.4,0.5,.130,2.1,-1.2,0.9,20.0,1.5,11.1,6.0,27.0,2.8,0.1,13.7,26.2,G,FR,darius-quisenberry-1
358,RJ Luis,28.7,26.9,.542,614,2022-23,Massachusetts,27,10,1.9,103,101,0.9,1.0,.122,1.0,1.2,2.2,18.8,7.2,15.1,11.0,12.8,2.9,1.5,17.0,26.9,G,FR,rj-luis-1
359,Frederick Scott,28.7,25.4,.553,763,2017-18,Rider,32,10,2.3,107,105,1.4,0.9,.122,2.1,-1.5,0.5,19.6,8.8,20.7,14.5,6.2,1.3,1.4,13.3,25.4,F,FR,frederick-scott-1
360,Brice Johnson,28.7,25.6,.518,380,2012-13,North Carolina,36,2,1.5,105,91,0.7,0.8,.163,0.3,2.4,2.7,22.7,9.0,26.4,16.9,5.6,2.5,5.0,9.2,25.6,F,FR,brice-johnson-1
361,Keon Johnson,28.7,23.9,.581,838,2013-14,Winthrop,33,32,3.0,118,109,2.3,0.7,.141,1.4,-2.1,-0.8,17.9,1.1,8.3,4.6,12.1,1.3,0.0,10.1,23.9,G,FR,keon-johnson-1
362,Koree Cotton,28.7,32.5,.511,275,2023-24,VMI,12,9,-0.1,85,110,-0.3,0.2,-0.010,-3.8,-1.2,-5.0,11.5,2.4,13.7,8.1,13.8,1.8,2.6,23.0,32.5,G,FR,koree-cotton-1
363,D'Angelo Harrison,28.7,25.7,.533,1130,2011-12,St. John's (NY),32,29,3.5,111,109,3.0,0.6,.125,4.2,0.4,4.6,19.6,4.0,9.2,6.4,13.0,2.7,0.8,11.9,25.7,G,FR,dangelo-harrison-1
364,Abayomi Iyiola,28.7,26.4,.539,615,2017-18,Stetson,32,8,1.9,107,104,1.1,0.8,.125,-1.5,-2.7,-4.2,21.5,13.3,23.2,18.0,1.7,1.4,3.8,10.5,26.4,F,FR,abayomi-iyiola-1
365,Trevis Simpson,28.7,27.2,.520,622,2010-11,UNC Greensboro,27,10,1.1,103,115,1.1,0.0,.068,1.1,-2.9,-1.9,16.8,7.0,11.0,8.9,7.7,1.3,0.9,13.1,27.2,G,FR,trevis-simpson-1
366,Ryan Taylor,28.7,25.2,.555,796,2013-14,Marshall,31,29,3.1,110,99,1.7,1.4,.156,0.1,0.2,0.4,20.7,8.1,22.4,15.0,8.2,1.6,2.5,13.7,25.2,F,FR,ryan-taylor-1
367,Stephen Thompson Jr.,28.6,26.0,.516,694,2015-16,Oregon State,32,5,2.0,107,105,1.2,0.8,.118,3.7,1.7,5.3,18.3,4.2,5.7,4.9,8.1,3.1,1.9,7.6,26.0,G,FR,stephen-thompsonjr-1
368,Joe Pridgen,28.6,27.1,.580,1057,2019-20,Holy Cross,30,29,1.9,102,114,1.8,0.0,.072,1.0,-3.4,-2.4,20.4,5.7,17.7,11.5,15.1,1.5,1.5,19.1,27.1,F,FR,joe-pridgen-1
369,Mustapha Heron,28.6,25.8,.566,901,2016-17,Auburn,32,32,2.8,110,107,1.9,0.9,.125,3.3,-0.1,3.1,18.9,6.1,17.1,11.5,9.6,1.6,0.7,15.2,25.8,G,FR,mustapha-heron-1
370,Aidan Mahaney,28.6,25.7,.533,1067,2022-23,St. Mary's (CA),35,26,4.0,110,99,2.2,1.8,.152,2.3,1.8,4.1,16.2,0.8,8.1,4.4,14.3,1.8,0.2,10.2,25.7,G,FR,aidan-mahaney-1
371,AJ Brown,28.6,23.8,.550,537,2022-23,Ohio,26,8,2.1,120,107,1.6,0.5,.160,2.8,-0.6,2.2,19.9,4.5,9.0,6.8,7.6,2.2,1.2,6.5,23.8,G,FR,aj-brown-1
372,Alex Francis,28.6,30.2,.516,927,2010-11,Bryant,30,23,0.7,90,109,0.1,0.5,.029,-3.1,-3.4,-6.5,16.9,9.7,20.3,14.9,6.5,1.7,2.0,20.7,30.2,F,FR,alex-francis-1
373,Jacoby Ross,28.6,25.5,.556,644,2017-18,Alabama State,26,8,1.5,111,116,1.4,0.1,.095,1.2,-3.6,-2.4,17.3,1.7,6.2,3.8,20.9,1.6,0.0,14.1,25.5,G,FR,jacoby-ross-1
374,Omar Prewitt,28.6,25.4,.593,787,2013-14,William & Mary,32,0,2.8,114,108,2.0,0.8,.141,3.4,-1.1,2.3,21.7,5.0,17.9,11.6,16.7,2.3,2.1,15.2,25.4,G,FR,omar-prewitt-1
375,Rob Perry,28.6,26.3,.552,1083,2019-20,Stetson,33,32,3.5,107,104,2.4,1.1,.129,3.0,-2.2,0.8,19.4,4.2,14.5,9.6,12.1,1.8,0.8,13.9,26.3,G,FR,rob-perry-1
376,Wendell Carter Jr.,28.5,22.8,.628,997,2017-18,Duke,37,37,5.9,125,93,3.6,2.3,.239,6.3,5.1,11.4,28.2,12.8,23.2,18.4,13.0,1.7,7.6,15.8,22.8,F,FR,wendell-carterjr-1
377,Trae Benham,28.5,22.6,.606,390,2021-22,Lipscomb,24,11,1.4,117,107,1.0,0.3,.139,4.7,-1.0,3.7,21.5,6.2,14.7,10.8,4.5,2.2,1.1,5.8,22.6,G,FR,trae-benham-1
378,Rashad Muhammad,28.5,26.5,.530,873,2013-14,San Jose State,31,3,1.5,103,113,1.1,0.4,.069,1.3,-1.7,-0.3,13.9,2.6,9.1,5.8,7.6,1.0,0.1,11.9,26.5,G,FR,rashad-muhammad-1
379,Collin Mulholland,28.5,24.3,.604,447,2024-25,Chattanooga,36,5,1.7,119,110,1.2,0.4,.149,2.9,-1.1,1.8,18.7,4.6,15.3,10.2,22.0,0.5,2.1,13.2,24.3,F,FR,collin-mulholland-1
380,Kam Burton,28.5,23.4,.596,350,2023-24,Southeastern Louisiana,31,0,1.0,111,109,0.6,0.4,.111,0.6,-0.4,0.1,15.1,2.7,9.9,6.4,8.5,2.2,0.4,11.9,23.4,G,FR,kam-burton-1
381,Jacari Lane,28.5,25.1,.605,846,2022-23,North Alabama,33,8,3.1,116,110,2.5,0.6,.148,1.9,-1.4,0.5,21.4,1.4,10.6,6.1,26.0,1.7,0.1,16.2,25.1,G,FR,jacari-lane-1
382,Hassan Whiteside,28.5,25.8,.548,889,2009-10,Marshall,34,23,4.5,108,86,2.0,2.5,.200,,,,29.1,11.9,23.8,18.3,2.2,1.2,18.8,13.6,25.8,C,FR,hassan-whiteside-1
383,Ledarrius Brewer,28.5,26.4,.548,912,2017-18,Southeast Missouri State,31,27,1.8,105,112,1.3,0.5,.080,1.0,-2.7,-1.7,16.8,1.9,13.8,7.8,9.3,1.8,2.0,12.2,26.4,G,FR,ledarrius-brewer-1
384,Garrison Mathews,28.5,26.4,.544,687,2015-16,Lipscomb,33,12,1.7,107,110,1.2,0.5,.101,1.7,-2.0,-0.2,17.9,5.4,12.1,8.7,15.1,2.2,1.3,12.6,26.4,G,FR,garrison-matthews-1
385,Judah Mintz,28.5,27.3,.524,1071,2022-23,Syracuse,32,32,3.2,109,110,2.4,0.8,.119,1.8,0.5,2.3,19.8,1.2,6.2,3.8,27.3,3.2,0.5,13.3,27.3,G,FR,judah-mintz-1
386,Evan Mobley,28.5,22.8,.624,1120,2020-21,Southern California,33,33,6.9,123,91,4.3,2.6,.248,7.9,5.8,13.7,29.1,9.6,18.9,14.5,14.1,1.4,8.8,14.6,22.8,F,FR,evan-mobley-1
387,Joel Ntambwe,28.5,24.9,.532,747,2018-19,UNLV,31,31,2.7,113,105,1.8,0.9,.143,2.0,-0.5,1.5,18.7,7.2,18.6,12.7,5.1,1.2,1.5,9.7,24.9,F,FR,joel-ntambwe-1
388,C.J. Wilcox,28.5,22.4,.583,523,2010-11,Washington,33,6,2.4,124,102,1.8,0.7,.186,6.9,1.3,8.2,20.4,4.6,9.6,7.1,9.6,1.5,1.8,8.4,22.4,G,FR,cj-wilcox-1
389,Chet Holmgren,28.4,21.6,.691,861,2021-22,Gonzaga,32,31,6.3,127,79,3.3,3.1,.294,7.5,7.5,15.0,31.3,8.0,28.7,19.6,11.4,1.6,12.6,15.7,21.6,C,FR,chet-holmgren-1
390,Kon Knueppel,28.4,21.4,.642,1189,2024-25,Duke,39,39,6.9,134,99,4.5,2.4,.232,6.9,3.9,10.8,21.3,4.3,10.3,7.6,15.7,2.0,0.6,10.8,21.4,G,FR,kon-knueppel-1
391,Antonio Munoz,28.4,29.2,.533,438,2025-26,Grambling State,18,18,0.9,100,106,0.2,0.7,.082,-2.5,-1.6,-4.1,14.9,4.6,10.8,7.7,20.6,2.3,2.3,19.5,29.2,F,FR,antonio-munoz-1
392,Shaun Pratl,28.4,24.3,.568,362,2009-10,Eastern Illinois,29,0,1.8,117,97,1.2,0.6,.197,,,,24.2,13.3,15.9,14.7,16.9,2.7,2.0,12.6,24.3,F,FR,shaun-pratl-1
393,David Thomas,28.4,25.4,.527,709,2023-24,Mercer,31,8,2.1,112,112,1.6,0.5,.117,2.3,-1.1,1.2,17.8,3.5,8.9,6.1,20.8,1.6,0.5,8.8,25.4,G,FR,david-thomas-3
394,Braylon Rayson,28.4,27.9,.511,712,2013-14,Central Michigan,31,17,1.1,99,112,0.6,0.5,.061,-1.1,-3.1,-4.2,15.5,2.6,11.2,6.5,13.3,2.8,0.2,14.2,27.9,G,FR,braylon-rayson-1
395,Derick Newton,28.4,25.1,.585,1061,2015-16,Stetson,34,34,2.8,111,113,2.3,0.5,.105,1.8,-3.4,-1.5,18.7,5.3,15.0,10.2,8.2,0.8,1.3,14.6,25.1,F,FR,derick-newton-2
396,Jacob Ognacevic,28.4,20.9,.683,361,2020-21,Valparaiso,28,0,1.6,123,104,1.2,0.4,.172,4.3,-1.6,2.7,21.4,5.8,11.9,8.8,3.3,0.6,1.2,9.8,20.9,F,FR,jacob-ognacevic-1
397,Ian Jackson,28.4,24.4,.572,857,2024-25,North Carolina,36,12,2.4,111,110,1.5,0.9,.112,3.5,1.3,4.8,15.9,2.1,10.5,6.5,7.0,1.3,0.9,10.5,24.4,G,FR,ian-jackson-1
398,Precious Achiuwa,28.4,27.7,.534,943,2019-20,Memphis,31,31,4.4,101,82,1.5,2.9,.187,2.5,3.4,5.8,23.3,11.4,24.6,18.6,7.5,2.0,6.4,16.0,27.7,F,FR,precious-achiuwa-1
399,Romeo Langford,28.4,26.1,.542,1090,2018-19,Indiana,32,32,4.0,109,101,2.4,1.6,.148,4.6,1.9,6.5,19.9,4.8,12.8,8.9,14.2,1.3,2.7,12.2,26.1,G,FR,romeo-langford-1
400,Sebastian Townes,28.4,26.0,.562,389,2016-17,Bryant,31,9,0.9,107,113,0.7,0.2,.092,-1.7,-3.3,-5.0,16.9,9.5,8.5,9.0,10.1,1.2,0.3,15.7,26.0,F,FR,sebastian-townes-1
401,Nassir Little,28.4,25.2,.549,656,2018-19,North Carolina,36,0,2.7,110,97,1.4,1.2,.163,2.9,2.2,5.1,20.0,9.2,16.8,13.0,6.4,1.5,3.3,13.0,25.2,F,FR,nassir-little-1
402,Chavaughn Lewis,28.3,28.9,.516,943,2011-12,Marist,32,11,2.0,97,103,1.0,1.0,.085,0.4,0.4,0.7,18.7,4.4,15.7,9.7,15.1,3.3,2.5,17.6,28.9,G,FR,chavaughn-lewis-1
403,Malaki Branham,28.3,24.1,.596,948,2021-22,Ohio State,32,31,3.6,117,107,2.9,0.8,.154,4.8,0.9,5.7,20.4,3.5,10.5,7.3,14.5,1.5,1.0,12.8,24.1,G,FR,malaki-branham-1
404,Naz Reid,28.3,26.4,.544,926,2018-19,Louisiana State,34,32,3.0,106,102,1.7,1.3,.131,2.3,0.5,2.8,19.4,10.5,19.2,14.9,6.2,1.5,2.8,16.6,26.4,F,FR,naz-reid-1
405,John Collins,28.3,23.9,.589,446,2015-16,Wake Forest,31,1,1.5,115,108,1.1,0.4,.135,1.6,0.9,2.5,21.8,12.7,16.7,14.7,3.5,1.1,5.0,13.9,23.9,F,FR,john-collins-1
406,JJ Massaquoi,28.3,24.6,.578,323,2025-26,UMass Lowell,18,8,0.8,111,116,0.5,0.2,.095,-2.1,-3.8,-5.9,16.1,9.0,8.3,8.7,5.0,1.2,0.0,14.6,24.6,G,FR,jj-massaquoi-1
407,Cam Whitmore,28.3,25.6,.571,709,2022-23,Villanova,26,20,2.3,105,100,1.1,1.2,.130,3.7,2.5,6.2,20.5,3.7,20.3,12.1,6.4,3.2,1.6,12.8,25.6,F,FR,cam-whitmore-1
408,Michael Carrera,28.3,26.8,.527,571,2012-13,South Carolina,27,22,2.1,106,99,1.3,0.8,.146,2.0,-0.9,1.1,21.3,16.0,28.3,21.5,7.2,1.0,3.4,16.7,26.8,F,FR,michael-carrera-1
409,Garret Covington,28.3,25.3,.571,954,2013-14,Western Illinois,29,27,3.4,110,101,1.9,1.5,.141,3.7,-0.2,3.6,18.7,3.2,15.4,9.4,13.6,1.9,0.4,13.0,25.3,G,FR,garret-covington-1
410,De'Mon Brooks,28.3,24.7,.583,576,2010-11,Davidson,31,0,2.4,111,99,1.5,0.9,.164,0.2,0.3,0.4,21.4,11.6,20.1,15.7,9.4,1.7,2.0,17.3,24.7,F,FR,demon-brooks-1
411,Collin Murray-Boyles,28.3,22.3,.615,637,2023-24,South Carolina,28,19,3.3,125,99,2.1,1.2,.209,6.0,4.3,10.3,26.6,12.0,17.5,14.7,17.2,2.8,4.6,12.5,22.3,F,FR,collin-murray-boyles-1
412,Kevin Olekaibe,28.3,26.9,.513,754,2010-11,Fresno State,30,19,1.8,100,104,0.9,0.8,.094,1.8,-0.8,1.1,15.7,2.5,6.2,4.3,12.2,2.7,0.9,13.6,26.9,G,FR,kevin-olekaibe-1
413,Elijah Wilson,28.3,25.2,.514,1107,2013-14,Coastal Carolina,34,34,3.8,110,103,2.2,1.6,.138,0.4,-0.3,0.1,17.1,4.1,9.6,6.9,6.1,1.7,0.9,8.1,25.2,G,FR,elijah-wilson-1
414,Jahmi'us Ramsey,28.3,26.2,.546,842,2019-20,Texas Tech,27,27,3.3,105,93,1.6,1.7,.156,4.3,2.4,6.7,19.1,3.0,12.4,7.8,16.1,2.5,2.5,12.7,26.2,G,FR,jahmius-ramsey-1
415,Terry Taylor,28.3,22.0,.620,1070,2017-18,Austin Peay,34,34,5.1,124,102,3.6,1.6,.191,5.1,-1.4,3.8,24.5,13.7,18.8,16.1,4.8,1.1,3.8,12.5,22.0,G,FR,terry-taylor-5
416,Marquese Chriss,28.3,24.1,.585,848,2015-16,Washington,34,34,3.1,112,102,1.9,1.2,.148,2.8,2.2,4.9,21.6,9.8,11.6,10.7,6.3,1.9,5.8,14.7,24.1,F,FR,marquese-chriss-1
417,Nate Watson,28.2,22.8,.622,483,2017-18,Providence,35,9,1.6,115,106,1.1,0.5,.136,0.8,2.2,3.0,19.5,6.7,9.3,8.0,1.9,0.8,5.9,13.2,22.8,C,FR,nate-watson-1
418,Tucker DeVries,28.2,25.4,.538,1071,2021-22,Drake,36,29,4.6,113,99,2.9,1.7,.172,4.7,1.3,6.0,20.7,4.4,14.5,9.5,14.1,2.0,3.4,9.9,25.4,G,FR,tucker-devries-1
419,Kourtney Roberson,28.2,23.0,.588,420,2010-11,Texas A&M,33,1,2.2,117,92,1.3,0.9,.207,4.0,1.4,5.4,24.9,14.8,22.3,18.6,6.0,2.0,2.0,12.6,23.0,F,FR,kourtney-roberson-1
420,Olivier Hanlan,28.2,25.3,.575,1129,2012-13,Boston College,33,33,3.5,111,109,3.0,0.6,.125,4.0,0.0,4.1,19.9,3.0,13.1,7.9,15.9,2.1,0.2,14.1,25.3,G,FR,olivier-hanlan-1
421,Joel Embiid,28.2,23.4,.655,647,2013-14,Kansas,28,20,3.4,117,91,1.8,1.7,.213,5.0,6.9,11.9,28.2,12.7,27.3,20.5,11.5,2.3,11.7,21.6,23.4,C,FR,joel-embiid-1
422,Shelton Henderson,28.2,21.7,.647,540,2025-26,Miami (FL),19,19,2.6,124,101,1.5,1.1,.191,4.2,2.2,6.4,20.3,8.0,10.4,9.2,12.3,2.1,0.9,14.7,21.7,F,FR,shelton-henderson-1
423,Chase Dunn,28.2,25.2,.587,421,2010-11,Tennessee Tech,31,3,1.5,108,101,0.9,0.6,.140,-0.5,-1.1,-1.5,16.1,0.0,6.3,3.2,13.2,2.5,0.0,18.1,25.2,G,FR,chase-dunn-1
424,Robbie Avila,28.2,22.8,.622,724,2022-23,Indiana State,34,29,3.8,124,98,2.5,1.3,.208,3.7,1.1,4.9,22.8,5.3,16.5,11.3,15.2,1.8,1.8,9.3,22.8,C,FR,robbie-avila-1
425,Eli Carter,28.1,27.6,.514,952,2011-12,Rutgers,32,28,2.3,99,102,1.2,1.1,.096,1.7,1.1,2.7,15.7,1.9,11.8,6.5,16.6,2.7,0.4,17.0,27.6,G,FR,eli-carter-1
426,Jameel Warney,28.1,22.0,.612,897,2012-13,Stony Brook,33,33,5.5,123,87,3.2,2.3,.247,4.8,2.0,6.9,27.7,10.5,21.1,15.8,8.1,1.6,6.6,10.2,22.0,F,FR,jameel-warney-1
427,Luguentz Dort,28.1,27.9,.518,1072,2018-19,Arizona State,34,33,3.1,102,101,1.5,1.6,.115,1.5,1.6,3.1,16.5,4.4,10.0,7.3,15.1,2.7,0.8,15.8,27.9,G,FR,luguentz-dort-1
428,Tanner Rubio,28.1,24.3,.680,523,2016-17,Jacksonville,29,4,1.7,113,110,1.3,0.4,.129,2.2,-2.9,-0.7,19.3,2.3,7.8,5.0,23.4,2.5,0.0,24.0,24.3,G,FR,tanner-rubio-1
429,Xavier Henry,28.1,23.4,.591,990,2009-10,Kansas,36,36,4.9,116,93,2.8,2.1,.197,,,,21.5,5.2,11.5,8.6,9.8,3.1,1.8,14.4,23.4,G,FR,xavier-henry-1
430,Dundrecous Massey,28.1,27.2,.540,514,2010-11,Ole Miss,34,7,1.4,103,105,0.9,0.5,.108,2.1,-0.2,1.9,16.1,2.5,8.9,5.7,19.2,2.2,0.8,19.0,27.2,G,FR,dundrecous-massey-1
431,Dylan Smith,28.1,27.1,.538,929,2015-16,UNC Asheville,34,19,2.7,102,100,1.2,1.5,.118,-0.4,-0.4,-0.8,15.1,1.5,9.2,5.3,13.3,2.1,1.3,17.1,27.1,G,FR,dylan-smith-1
432,Tyler Jones,28.1,24.2,.580,377,2016-17,Maryland Eastern Shore,30,0,1.1,109,108,0.7,0.3,.112,0.8,-2.3,-1.5,19.5,8.7,10.0,9.4,1.8,2.0,3.1,12.6,24.2,F,FR,tyler-jones-5
433,Jaden Springer,28.1,26.0,.570,648,2020-21,Tennessee,25,15,2.9,109,94,1.6,1.3,.180,3.6,3.3,6.9,20.9,4.6,10.9,7.8,24.1,2.7,2.0,17.9,26.0,G,FR,jaden-springer-1
434,Semaj Christon,28.1,29.8,.503,1027,2012-13,Xavier,30,29,2.8,98,100,1.5,1.3,.109,1.3,1.5,2.8,17.7,0.6,10.1,5.4,32.2,2.8,0.4,19.4,29.8,G,FR,semaj-christon-1
435,Justin Patton,28.1,22.0,.671,885,2016-17,Creighton,35,34,4.3,120,96,2.5,1.8,.194,4.2,4.2,8.4,25.2,8.0,19.0,13.9,8.5,1.9,5.9,15.1,22.0,C,FR,justin-patton-1
436,Bryce McGowens,28.1,27.2,.533,1032,2021-22,Nebraska,31,31,2.2,103,110,1.6,0.6,.086,2.3,-1.0,1.3,16.9,2.4,14.6,8.7,8.6,1.2,1.0,11.7,27.2,G,FR,bryce-mcgowens-1
437,Reggie Johnson,28.1,22.2,.615,434,2009-10,Miami (FL),32,6,2.8,129,91,1.9,1.0,.262,,,,27.8,16.4,23.1,19.8,6.0,2.2,5.4,12.6,22.2,C,FR,reggie-johnson-2
438,Ricky Tarrant,28.1,24.7,.567,1026,2011-12,Tulane,31,31,4.6,113,96,2.9,1.8,.180,2.7,1.6,4.3,21.0,1.6,13.1,6.8,23.8,3.2,0.1,14.3,24.7,G,FR,ricky-tarrant-1
439,Santi Aldama,28.1,28.3,.511,304,2019-20,Loyola (MD),10,9,0.7,97,101,0.3,0.4,.097,1.0,-0.4,0.6,20.4,5.9,22.3,14.4,15.6,1.7,6.2,13.4,28.3,F,FR,santi-aldama-1
440,Damon Wilkinson,28.1,25.1,.599,270,2024-25,South Dakota State,27,0,0.8,110,108,0.5,0.3,.121,-1.2,-0.7,-1.8,18.6,11.6,15.8,13.7,13.1,0.4,3.2,20.3,25.1,F,FR,damon-wilkinson-1
441,Rodney Elliott,28.1,26.9,.569,941,2013-14,UMBC,30,30,2.3,102,105,1.1,1.1,.096,0.4,-0.9,-0.5,16.8,2.2,13.1,7.3,29.1,2.5,0.1,21.4,26.9,G,FR,rodney-elliott-2
442,Aiden Argabright,28.0,22.6,.596,431,2025-26,Richmond,20,0,2.2,128,103,1.4,0.8,.200,0.6,1.9,2.5,20.2,1.1,8.7,5.0,18.8,3.7,0.0,8.3,22.6,G,FR,aiden-argabright-1
443,D'Marcus Simonds,28.0,25.4,.597,787,2016-17,Georgia State,29,22,2.8,108,101,1.6,1.2,.143,1.2,0.3,1.6,20.3,4.9,12.0,8.6,15.2,2.6,1.3,19.1,25.4,G,FR,dmarcus-simonds-1
444,DeAndre Kane,28.0,27.8,.523,1076,2010-11,Marshall,34,34,3.4,102,99,1.8,1.7,.128,1.9,0.6,2.5,17.7,4.3,15.1,9.9,23.3,1.7,0.3,19.0,27.8,G,FR,deandre-kane-1
445,Rayvonte Rice,28.0,28.5,.502,934,2010-11,Drake,31,31,2.4,99,101,1.2,1.3,.105,1.8,0.7,2.5,19.2,4.8,14.9,9.8,13.7,2.7,3.0,12.5,28.5,G,FR,rayvonte-rice-1
446,Tayler Persons,28.0,28.9,.501,860,2014-15,Northern Kentucky,30,26,2.3,102,106,1.5,0.8,.107,-0.5,-1.6,-2.2,19.4,4.2,14.9,9.5,27.5,2.4,0.6,16.6,28.9,G,FR,tayler-persons-1
447,Henry Ellenson,28.0,26.7,.534,1107,2015-16,Marquette,33,33,4.0,106,99,2.0,2.0,.143,2.8,1.1,3.9,20.9,7.8,24.2,16.5,11.0,1.4,4.4,12.9,26.7,F,FR,henry-ellenson-1
448,Yves Missi,28.0,21.8,.622,780,2023-24,Baylor,34,32,3.7,126,103,2.6,1.2,.191,5.0,2.4,7.4,24.7,14.6,16.4,15.5,3.4,1.5,7.3,11.7,21.8,F,FR,yves-missi-2
449,Liam McNeeley,28.0,25.6,.529,867,2024-25,Connecticut,27,26,2.9,112,107,1.8,1.1,.132,2.6,0.8,3.4,16.1,3.7,18.7,11.5,13.1,1.1,0.8,11.9,25.6,F,FR,liam-mcneeley-1
450,Massamba Diop,28.0,20.7,.674,538,2025-26,Arizona State,19,19,2.1,129,113,1.6,0.5,.158,5.2,2.0,7.1,23.2,8.0,14.8,11.4,7.7,1.6,7.5,12.6,20.7,C,FR,massamba-diop-1
451,Akeem Richmond,28.0,22.5,.548,650,2009-10,Rhode Island,36,1,2.4,119,107,1.9,0.5,.147,,,,18.4,3.0,7.9,5.3,7.7,1.8,0.3,5.0,22.5,G,FR,akeem-richmond-1
452,Charles Minlend,28.0,27.0,.517,678,2016-17,San Francisco,33,16,1.9,102,101,0.8,1.1,.113,2.1,0.3,2.3,16.4,3.2,8.3,5.8,11.3,1.9,1.2,11.4,27.0,G,FR,charles-minlend-2
453,Jose Perez,28.0,26.0,.555,1101,2018-19,Gardner-Webb,35,26,4.3,112,103,2.8,1.5,.155,1.7,-1.8,-0.1,20.3,4.1,16.2,10.7,18.7,1.4,0.9,12.7,26.0,G,FR,jose-perez-1
454,Sam Dekker,28.0,22.5,.595,780,2012-13,Wisconsin,35,3,4.1,119,93,2.5,1.6,.208,7.2,4.1,11.3,22.8,6.3,12.2,9.1,14.1,1.9,1.8,11.6,22.5,F,FR,sam-dekker-1
455,Connor Hill,28.0,23.5,.572,376,2011-12,Idaho,30,0,0.9,111,111,0.8,0.1,.098,2.5,-2.7,-0.2,15.0,1.1,10.7,6.1,8.2,0.5,0.0,9.8,23.5,G,FR,connor-hill-1
456,James McGee,28.0,19.6,.706,467,2014-15,Southern Utah,27,8,2.0,135,112,1.9,0.1,.173,6.1,-2.1,4.0,21.7,1.9,8.4,5.2,17.2,1.4,0.5,9.2,19.6,G,FR,james-mcgee-1
457,Shamorie Ponds,28.0,24.2,.571,1109,2016-17,St. John's (NY),33,33,4.2,116,107,3.1,1.1,.151,5.8,1.9,7.7,22.1,3.7,10.8,7.2,19.0,3.3,0.7,11.0,24.2,G,FR,shamorie-ponds-1
458,Hakeem Baxter,27.9,24.4,.573,809,2013-14,Maryland Eastern Shore,27,27,2.0,113,116,1.8,0.2,.101,1.4,-3.6,-2.1,18.0,4.5,10.5,7.3,12.3,1.4,1.2,14.5,24.4,G,FR,hakeem-baxter-1
459,Nick Emery,27.9,23.7,.559,1132,2015-16,Brigham Young,36,32,4.6,115,101,2.8,1.8,.162,2.3,1.6,3.9,18.8,1.7,9.9,5.8,14.4,2.5,0.4,9.2,23.7,G,FR,nick-emery-1
460,Ahsan Asadullah,27.9,25.6,.586,524,2018-19,Lipscomb,37,2,2.6,111,90,1.3,1.3,.201,0.7,1.3,2.0,24.3,15.5,21.5,18.6,10.9,2.3,5.0,16.7,25.6,C,FR,ahsan-asadullah-1
461,Lasan Kromah,27.9,25.5,.537,761,2009-10,George Washington,31,31,2.9,106,95,1.5,1.4,.153,,,,21.3,4.8,10.4,7.5,17.4,4.7,1.6,15.0,25.5,G,FR,lasan-kromah-2
462,Jaylen Nowell,27.9,26.8,.535,1106,2017-18,Washington,34,31,3.1,106,107,1.9,1.2,.112,1.6,0.5,2.0,17.5,3.6,10.8,7.3,17.7,1.8,0.9,14.3,26.8,G,FR,jaylen-nowell-1
463,Chris Cokley,27.9,24.1,.562,620,2014-15,UAB,36,0,2.6,113,98,1.5,1.1,.168,3.1,0.8,3.9,24.4,13.7,17.1,15.5,7.3,2.3,4.0,12.1,24.1,F,FR,chris-cokley-1
464,Jordan Clarkson,27.9,27.6,.551,672,2010-11,Tulsa,27,9,1.6,100,104,0.9,0.7,.093,-0.1,0.1,0.1,15.0,2.0,7.8,4.9,17.8,1.8,0.5,21.7,27.6,G,FR,jordan-clarkson-1
465,Walker Kessler,27.9,22.5,.580,254,2020-21,North Carolina,29,0,1.5,118,88,0.8,0.7,.232,5.7,5.3,10.9,31.1,18.4,21.0,19.6,7.3,3.3,10.7,12.8,22.5,F,FR,walker-kessler-1
466,Chris Knight,27.9,28.1,.542,536,2017-18,Dartmouth,25,11,1.1,98,106,0.4,0.6,.079,-2.7,-0.8,-3.4,18.5,7.9,15.8,11.8,12.8,1.8,5.9,17.6,28.1,F,FR,chris-knight-3
467,Oscar Tshiebwe,27.9,22.6,.597,720,2019-20,West Virginia,31,31,4.4,119,86,2.4,2.0,.246,6.3,3.3,9.6,28.3,18.9,25.4,22.0,3.4,1.8,5.3,15.4,22.6,F,FR,oscar-tshiebwe-1
468,V.J. Edgecombe,27.9,24.1,.552,1080,2024-25,Baylor,33,33,4.8,119,102,3.0,1.8,.178,7.1,4.3,11.4,22.1,7.1,13.5,10.2,19.2,3.8,2.3,12.5,24.1,G,FR,vj-edgecombe-1
469,Stefanos Spartalis,27.9,27.0,.509,395,2025-26,Monmouth,18,18,1.0,105,107,0.4,0.6,.104,-3.7,-1.3,-4.9,14.8,7.8,13.1,10.5,10.0,1.2,2.3,12.4,27.0,F,FR,stefanos-spartalis-1
470,Cameron Healy,27.9,24.0,.590,1103,2018-19,Albany (NY),32,32,3.5,111,107,2.4,1.1,.127,2.9,-2.0,1.0,17.3,1.2,11.9,6.6,17.3,1.2,0.3,13.9,24.0,G,FR,cameron-healy-1
471,Will Sydnor,27.9,25.2,.537,885,2024-25,Manhattan,30,29,2.4,107,108,1.3,1.0,.107,0.3,-1.9,-1.6,18.2,5.9,19.8,12.9,11.0,1.3,4.2,12.4,25.2,F,FR,will-sydnor-1
472,Zak Irvin,27.8,21.9,.600,568,2013-14,Michigan,37,0,1.9,119,109,1.4,0.5,.131,6.3,0.2,6.5,16.9,3.3,7.7,5.6,4.7,1.0,0.6,7.2,21.9,G,FR,zak-irvin-1
473,Bubba Parham,27.8,28.0,.526,895,2017-18,VMI,30,30,1.4,98,109,0.7,0.7,.063,-0.7,-1.9,-2.6,14.1,1.4,11.3,6.2,20.1,1.5,0.0,16.6,28.0,G,FR,bubba-parham-1
474,Chris Jones,27.8,28.7,.522,558,2011-12,North Texas,19,19,2.1,98,88,0.7,1.4,.153,1.8,2.1,3.9,21.3,2.2,16.6,9.2,32.0,4.7,0.8,21.5,28.7,G,FR,chris-jones-4
475,Reginald Johnson,27.8,25.0,.506,497,2014-15,Alcorn State,24,3,1.2,111,117,1.2,0.0,.094,2.3,-5.8,-3.5,19.3,11.9,7.5,9.9,5.9,0.5,0.4,6.4,25.0,F,FR,reginald-johnson-1
476,A.J. Hammons,27.8,25.3,.531,786,2012-13,Purdue,34,27,2.9,106,97,1.6,1.2,.147,3.1,2.9,6.1,23.1,11.6,19.5,15.3,6.2,0.9,8.7,14.0,25.3,C,FR,aj-hammons-1
477,Juan'ya Green,27.8,26.7,.529,1229,2011-12,Niagara,33,33,3.0,105,111,2.6,0.4,.097,2.9,-1.4,1.5,19.2,2.1,9.8,5.3,27.4,3.0,1.2,17.2,26.7,G,FR,juanya-green-1
478,Nigel Hayes,27.8,26.5,.541,663,2013-14,Wisconsin,38,0,2.4,107,99,1.2,1.2,.146,1.2,4.0,5.3,19.6,6.5,12.9,9.8,11.8,3.0,2.9,14.3,26.5,F,FR,nigel-hayes-1
479,Nico Clareth,27.8,25.7,.540,905,2015-16,Siena,34,8,3.0,107,101,1.6,1.4,.131,1.7,1.2,2.9,18.6,4.3,9.0,6.8,17.3,3.4,2.3,15.7,25.7,G,FR,nico-clareth-1
480,Jase Richardson,27.8,20.6,.624,912,2024-25,Michigan State,36,15,4.8,132,100,3.1,1.7,.209,6.5,5.1,11.6,20.7,3.0,11.4,7.4,14.4,1.9,1.4,7.9,20.6,G,FR,jase-richardson-1
481,Tremont Waters,27.8,26.5,.556,1089,2017-18,Louisiana State,33,32,4.0,113,107,2.9,1.1,.148,4.8,1.2,6.1,21.5,1.1,10.7,6.1,33.9,3.5,0.3,16.9,26.5,G,FR,tremont-waters-1
482,Kalob Ledoux,27.8,26.0,.572,689,2016-17,McNeese State,28,14,1.0,101,113,0.8,0.3,.060,0.1,-3.2,-3.1,14.7,2.5,9.9,6.4,10.3,1.0,0.1,17.7,26.0,G,FR,kalob-ledoux-1
483,Abdi Bashir Jr.,27.7,26.4,.513,443,2023-24,Monmouth,33,0,0.3,96,115,0.2,0.2,.030,-0.9,-3.7,-4.6,10.2,1.0,6.8,3.9,5.2,0.9,0.0,12.1,26.4,G,FR,abdi-bashir-jr-1
484,Shy Odom,27.7,24.3,.579,681,2022-23,Howard,31,23,2.8,114,101,1.8,1.0,.164,1.3,0.3,1.6,21.0,10.9,13.3,12.1,13.5,2.1,2.6,15.3,24.3,F,FR,shy-odom-1
485,Tyler Perkins,27.7,26.8,.508,864,2023-24,Pennsylvania,29,27,2.1,106,110,1.3,0.8,.098,0.8,-1.3,-0.5,17.1,6.0,14.9,10.4,12.6,2.8,0.4,11.9,26.8,G,FR,tyler-perkins-1
486,LaDavius Draine,27.7,22.7,.580,330,2017-18,Southern Mississippi,28,0,1.0,114,108,0.7,0.3,.123,4.1,-2.4,1.7,18.8,5.3,17.9,11.4,5.2,1.3,0.8,5.0,22.7,G,FR,ladavius-draine-1
487,Jalen Pickett,27.7,26.5,.545,1225,2018-19,Siena,33,32,5.6,115,103,4.0,1.6,.183,4.5,0.9,5.4,25.5,4.4,11.9,8.0,42.6,3.5,2.8,14.3,26.5,G,FR,jalen-pickett-1
488,Marquise Collins,27.7,26.2,.539,542,2017-18,Delaware State,28,11,0.7,101,116,0.6,0.1,.050,-2.6,-4.8,-7.4,14.1,3.9,13.1,8.5,7.1,0.8,1.4,15.3,26.2,F,FR,marquise-collins-1
489,Javonte Green,27.7,27.0,.506,705,2011-12,Radford,32,22,2.3,101,96,1.1,1.2,.129,0.1,-0.9,-0.8,22.8,13.1,25.4,18.4,6.9,3.7,2.5,14.4,27.0,F,FR,javonte-green-1
490,Coban Porter,27.7,24.9,.569,675,2021-22,Denver,28,8,1.4,106,113,1.2,0.2,.080,1.4,-4.0,-2.5,15.1,2.8,11.2,7.1,5.6,0.7,0.9,11.6,24.9,G,FR,coban-porter-1
491,Isaiah Omoregie,27.7,25.7,.568,296,2015-16,Florida A&M,19,2,0.6,97,102,0.2,0.4,.083,-4.2,-2.3,-6.6,16.8,8.7,15.4,12.0,2.0,1.1,2.2,16.9,25.7,F,FR,isaiah-omoregie-1
492,Nehemiah Turner,27.7,25.0,.565,596,2024-25,Central Arkansas,33,10,1.7,110,109,1.1,0.7,.117,-0.8,0.8,0.0,21.3,6.0,20.8,13.1,21.1,2.0,8.2,15.9,25.0,F,FR,nehemiah-turner-1
493,Tyshawn Archie,27.7,24.5,.569,452,2023-24,Tulsa,31,0,1.6,111,102,0.9,0.7,.145,1.8,2.2,3.9,20.0,0.8,9.2,5.1,20.8,4.1,1.2,11.7,24.5,G,FR,tyshawn-archie-1
494,Ezekiel Balogun,27.6,24.4,.589,345,2016-17,The Citadel,32,4,0.8,106,109,0.6,0.3,.097,0.3,-2.4,-2.1,21.5,9.9,25.9,17.0,7.3,2.2,3.8,17.3,24.4,F,FR,ezekiel-balogun-1
495,Tomislav Buljan,27.6,24.3,.585,410,2025-26,New Mexico,17,17,2.3,117,88,1.0,1.3,.223,4.2,2.5,6.7,24.5,16.9,28.0,22.5,10.2,3.0,3.3,15.6,24.3,F,FR,tomislav-buljan-1
496,Grant Williams,27.6,24.3,.571,814,2016-17,Tennessee,32,29,3.4,113,100,2.0,1.3,.165,3.8,3.0,6.7,23.3,12.2,12.8,12.5,9.6,1.8,7.9,15.0,24.3,F,FR,grant-williams-1
497,Jacara Cross,27.6,27.0,.573,399,2016-17,Jacksonville State,33,11,0.9,97,103,0.3,0.6,.086,-6.0,-0.2,-6.2,15.1,11.6,14.6,13.2,4.0,0.6,6.8,22.7,27.0,F,FR,jacara-cross-1
498,Chudi Dioramma,27.6,24.0,.626,401,2024-25,Sacramento State,32,0,1.3,108,102,0.6,0.7,.130,-1.4,-1.1,-2.5,22.2,12.0,23.3,17.5,7.6,1.7,8.0,19.8,24.0,F,FR,chudi-dioramma-1
499,Wyatt Walker,27.6,23.4,.609,705,2015-16,Samford,32,29,2.8,114,102,1.7,1.0,.158,1.1,-0.4,0.7,22.9,10.8,20.9,15.9,8.1,1.6,4.3,15.7,23.4,F,FR,wyatt-walker-1
500,Josh Williams,27.6,22.9,.605,769,2013-14,Lipscomb,29,12,2.6,116,108,1.9,0.7,.137,2.1,-1.2,0.8,21.1,5.9,16.7,11.1,12.0,2.5,1.9,12.1,22.9,G,FR,josh-williams-4
501,Ethan Happ,27.6,24.9,.567,982,2015-16,Wisconsin,35,35,4.5,109,91,2.1,2.5,.185,3.2,5.1,8.4,25.0,10.5,23.8,17.0,10.9,4.0,3.5,16.6,24.9,F,FR,ethan-happ-1
502,Bruno Fernando,27.6,23.7,.617,671,2017-18,Maryland,30,20,2.9,112,95,1.5,1.4,.172,1.8,3.4,5.2,21.9,8.9,24.5,17.5,6.9,1.0,6.0,17.5,23.7,F,FR,bruno-fernando-1
503,Tres Tinkle,27.6,23.9,.561,748,2015-16,Oregon State,27,11,2.9,114,102,1.8,1.1,.157,3.8,2.1,5.9,20.8,5.9,16.1,10.9,8.2,2.5,2.2,10.8,23.9,F,FR,tres-tinkle-1
504,Johnny Dee,27.6,23.6,.584,918,2011-12,San Diego,31,30,2.3,110,112,2.0,0.2,.099,3.1,-2.1,1.0,16.8,1.2,6.8,3.9,8.9,1.4,0.0,11.0,23.6,G,FR,johnny-dee-2
505,Robert Williams,27.6,23.7,.570,801,2016-17,Texas A&M,31,17,3.6,114,96,2.0,1.6,.181,4.8,3.8,8.6,27.4,13.6,21.2,17.6,12.0,1.6,10.6,14.3,23.7,F,FR,robert-williams-3
506,Vado Morse,27.6,25.9,.552,923,2018-19,Mount St. Mary's,30,24,2.3,106,110,1.7,0.6,.100,0.4,-2.2,-1.8,17.0,1.6,8.0,4.7,21.5,2.0,0.1,15.2,25.9,G,FR,vado-morse-1
507,Jahad Thomas,27.6,27.9,.556,706,2014-15,UMass Lowell,22,21,1.6,95,99,0.5,1.1,.091,-1.2,-0.3,-1.5,18.0,4.8,21.4,12.7,14.0,2.5,0.6,19.9,27.9,G,FR,jahad-thomas-1
508,Jordan Hairston,27.6,24.5,.594,714,2019-20,Texas A&M–Corpus Christi,26,19,2.0,106,105,1.3,0.7,.113,0.6,-1.5,-0.8,16.4,2.0,7.2,4.7,10.8,2.1,0.3,16.8,24.5,G,FR,jordan-hairston-1
509,Day'Ron Sharpe,27.6,26.3,.521,556,2020-21,North Carolina,29,4,2.3,105,93,1.1,1.2,.169,4.3,3.2,7.5,25.5,18.1,23.8,20.9,15.4,2.3,5.1,17.8,26.3,F,FR,dayron-sharpe-1
510,KJ Younger,27.6,25.0,.520,561,2025-26,UNC Greensboro,20,20,1.3,112,116,0.9,0.4,.095,0.0,-3.0,-3.0,16.8,5.6,14.2,9.9,8.6,1.6,0.6,7.5,25.0,G,FR,kj-younger-1
511,Omari Grier,27.6,21.6,.566,354,2011-12,Florida Atlantic,25,3,1.3,123,108,1.1,0.2,.149,4.3,-0.6,3.7,19.0,1.3,12.3,6.2,9.6,1.4,0.3,4.1,21.6,G,FR,omari-grier-1
512,Laurent Rivard,27.6,22.2,.614,752,2010-11,Harvard,30,2,2.9,120,105,2.2,0.7,.156,4.0,-1.2,2.9,18.8,4.1,9.8,7.2,6.2,1.5,0.6,11.2,22.2,G,FR,laurent-rivard-1
513,Domantas Sabonis,27.6,21.5,.675,822,2014-15,Gonzaga,38,1,4.8,124,91,2.9,1.9,.235,3.6,2.0,5.5,24.7,13.3,23.7,19.1,7.5,1.3,1.5,17.7,21.5,F,FR,domantas-sabonis-1
514,Kevin Knox,27.6,24.6,.556,1198,2017-18,Kentucky,37,37,4.0,109,103,2.3,1.7,.133,3.3,1.8,5.1,17.0,3.3,14.5,9.3,8.7,1.5,1.0,14.1,24.6,F,FR,kevin-knox-1
515,Jackson Paveletzke,27.5,23.5,.614,1087,2022-23,Wofford,33,33,3.8,119,113,3.3,0.4,.138,2.2,-3.0,-0.8,20.0,1.5,8.7,5.1,21.7,1.4,0.0,16.3,23.5,G,FR,jackson-paveletzke-1
516,Bryn Forbes,27.5,23.9,.569,904,2012-13,Cleveland State,32,18,2.4,110,110,2.1,0.3,.108,3.2,-1.9,1.3,17.9,3.2,14.2,8.1,10.0,1.7,0.1,12.9,23.9,G,FR,bryn-forbes-1
517,Lafayette Dorsey,27.5,25.5,.550,369,2017-18,Pacific,24,0,0.8,103,108,0.4,0.3,.086,-0.9,-1.1,-2.0,16.3,2.2,18.5,10.2,8.9,2.1,0.3,14.9,25.5,G,FR,lafayette-dorsey-2
518,Brayden Burries,27.5,22.1,.588,534,2025-26,Arizona,19,19,2.8,124,94,1.4,1.4,.210,3.4,5.0,8.4,19.2,2.2,13.9,8.6,14.6,3.1,0.8,10.6,22.1,G,FR,brayden-burries-1
519,Leroy Blyden Jr.,27.5,22.4,.595,618,2025-26,Toledo,19,17,2.5,125,111,1.8,0.7,.160,2.9,0.2,3.1,19.7,2.2,9.9,6.0,21.5,3.1,1.0,11.5,22.4,G,FR,leroy-blyden-jr-1
520,Edward Stephens,27.5,24.7,.535,887,2014-15,South Carolina State,33,28,2.6,107,104,1.7,1.0,.119,2.0,-0.9,1.1,18.1,2.8,9.3,5.8,17.1,2.6,0.0,12.1,24.7,G,FR,edward-stephens-1
521,De'Shayne Montgomery,27.5,24.8,.615,888,2023-24,Mount St. Mary's,32,10,2.9,107,101,1.4,1.5,.131,0.0,0.7,0.7,19.4,3.2,11.5,7.6,14.4,3.5,2.6,20.7,24.8,G,FR,deshayne-montgomery-1
522,Tyler Cook,27.5,25.3,.573,662,2016-17,Iowa,27,26,1.6,103,106,0.9,0.7,.095,0.7,-0.2,0.4,17.6,8.7,14.3,11.5,7.9,1.5,1.7,18.4,25.3,F,FR,tyler-cook-1
523,Tyler Tejada,27.5,24.0,.534,790,2023-24,Towson,34,27,2.5,110,104,1.4,1.1,.127,1.2,-0.3,0.9,15.0,3.1,13.4,8.1,7.4,0.7,2.0,12.5,24.0,G,FR,tyler-tejada-1
524,Kevin McClain,27.5,29.6,.518,348,2015-16,Belmont,32,0,0.3,91,110,0.0,0.2,.029,-3.6,-2.5,-6.1,11.4,3.2,9.8,6.8,13.0,1.4,1.1,19.6,29.6,G,FR,kevin-mcclain-1
525,Georges Niang,27.4,22.6,.599,878,2012-13,Iowa State,35,23,3.8,119,103,2.8,0.9,.173,4.2,1.5,5.7,20.7,6.2,15.4,10.7,14.6,1.5,0.9,13.1,22.6,F,FR,georges-niang-1
526,Freddie Riley,27.4,24.2,.510,539,2009-10,Massachusetts,28,11,1.3,108,111,1.1,0.2,.094,,,,15.1,1.9,8.9,5.3,7.1,1.2,0.2,7.9,24.2,G,FR,freddie-riley-1
527,Myo Baxter-Bell,27.4,28.8,.522,626,2016-17,Liberty,35,28,1.8,99,97,0.6,1.2,.118,-3.8,-0.6,-4.4,17.4,8.4,16.1,12.3,12.5,2.8,0.9,15.1,28.8,F,FR,myo-baxter-bell-1
528,Preston Edmead,27.4,23.9,.581,625,2025-26,Hofstra,19,19,2.4,120,108,1.6,0.9,.156,2.0,-1.2,0.8,15.8,2.1,7.2,4.8,23.7,1.2,0.2,16.0,23.9,G,FR,preston-edmead-1
529,Jordan Hamilton,27.4,25.3,.516,676,2009-10,Texas,34,0,2.7,109,96,1.5,1.2,.162,,,,19.4,5.3,13.8,9.7,13.5,2.2,1.6,12.5,25.3,G,FR,jordan-hamilton-2
530,Anthony Banks,27.4,22.4,.577,796,2009-10,Florida Gulf Coast,29,29,,,,,,,,,,,14.0,13.1,13.6,7.7,2.1,3.9,11.2,22.4,F,FR,anthony-banks-1
531,Jawun Evans,27.4,25.4,.575,635,2015-16,Oklahoma State,22,20,2.6,112,101,1.6,1.0,.162,3.6,2.5,6.2,22.0,1.9,14.8,8.7,41.9,2.4,0.7,18.5,25.4,G,FR,jawun-evans-1
532,Max Abmas,27.4,23.1,.546,914,2019-20,Oral Roberts,31,31,3.2,115,106,2.4,0.8,.140,3.4,-0.4,3.0,18.2,1.4,6.8,4.0,8.8,2.0,0.8,7.0,23.1,G,FR,max-abmas-1
533,Paul Bruns,27.4,23.6,.540,968,2021-22,North Dakota,31,24,2.8,115,113,2.5,0.3,.115,2.5,-2.5,0.0,19.5,4.3,16.9,10.3,8.2,1.8,0.5,6.0,23.6,G,FR,paul-bruns-2
534,Philip Whittington,27.4,26.5,.519,368,2015-16,USC Upstate,28,1,0.8,98,104,0.3,0.5,.082,-2.3,-1.2,-3.6,20.0,8.7,27.9,18.2,8.3,1.4,5.6,16.0,26.5,F,FR,philip-whittington-1
535,Mack Smith,27.4,22.8,.598,682,2017-18,Eastern Illinois,25,20,2.2,111,105,1.3,0.9,.127,0.8,-1.2,-0.4,17.1,0.8,16.0,8.2,11.9,1.5,0.9,13.7,22.8,G,FR,mack-smith-3
536,Carl Jones,27.4,26.8,.504,614,2009-10,Saint Joseph's,31,0,1.3,102,109,0.9,0.3,.084,,,,16.8,1.6,11.1,6.3,16.2,1.8,0.0,10.9,26.8,G,FR,carl-jones-2
537,Aaron White,27.4,23.4,.576,834,2011-12,Iowa,35,14,3.1,115,106,2.4,0.7,.149,4.3,0.2,4.5,23.0,10.1,19.4,14.5,7.7,2.2,3.0,12.7,23.4,F,FR,aaron-white-3
538,Cameron Lard,27.4,23.2,.603,767,2017-18,Iowa State,29,16,2.8,113,104,1.8,1.0,.148,3.4,1.9,5.3,25.3,14.0,19.3,16.6,5.0,1.1,8.8,15.1,23.2,F,FR,cameron-lard-1
539,Joshua Braun,27.4,21.9,.584,857,2014-15,Grand Canyon,32,26,3.5,121,104,2.6,0.9,.163,4.8,-1.3,3.5,22.6,5.5,16.0,11.0,6.4,1.9,3.1,6.3,21.9,G,FR,joshua-braun-1
540,Ky Bowman,27.3,24.9,.609,920,2016-17,Boston College,32,29,2.4,106,108,1.6,0.8,.105,3.2,1.1,4.3,18.8,3.1,16.6,9.7,20.6,2.2,0.5,19.9,24.9,G,FR,ky-bowman-1
541,Marcus Thomas,27.3,27.1,.502,276,2017-18,Western Carolina,24,1,0.6,101,107,0.3,0.3,.084,-0.5,-0.8,-1.3,16.9,8.4,9.9,9.1,12.5,3.3,0.9,13.6,27.1,G,FR,marcus-thomas-4
542,John Wall,27.3,25.7,.562,1288,2009-10,Kentucky,37,37,6.3,112,94,3.7,2.6,.196,,,,22.3,2.7,10.1,6.6,34.8,2.9,1.5,21.4,25.7,G,FR,john-wall-1
543,Orlando Robinson,27.3,24.3,.563,818,2019-20,Fresno State,30,30,3.3,113,101,2.3,1.0,.163,3.1,1.2,4.3,23.6,8.9,18.9,13.9,13.5,1.9,4.3,14.5,24.3,F,FR,orlando-robinson-1
544,Austin Rivers,27.3,25.2,.538,1129,2011-12,Duke,34,33,3.5,108,105,2.4,1.0,.124,3.2,0.8,4.0,16.9,2.2,10.0,6.0,13.0,1.7,0.1,13.9,25.2,G,FR,austin-rivers-1
545,David Caraher,27.3,23.4,.567,908,2017-18,Houston Baptist,29,29,2.5,113,112,2.0,0.5,.111,2.3,-3.0,-0.8,19.0,7.2,17.9,12.0,12.1,1.4,0.5,14.3,23.4,G,FR,david-caraher-1
546,Kobe Webster,27.3,26.8,.534,935,2017-18,Western Illinois,28,28,2.6,104,105,1.5,1.1,.111,0.4,-2.4,-2.0,17.5,1.3,12.3,7.1,21.5,1.2,0.4,13.1,26.8,G,FR,kobe-webster-1
547,CJ Happy,27.3,27.1,.537,265,2024-25,Princeton,25,10,0.5,97,106,0.1,0.4,.071,-3.3,-0.9,-4.2,14.6,6.8,16.6,11.4,10.8,2.4,1.8,17.8,27.1,F,FR,cj-happy-1
548,Eron Harris,27.3,23.6,.563,683,2012-13,West Virginia,31,17,1.9,110,108,1.5,0.4,.113,3.2,-0.3,2.9,17.1,2.4,10.9,6.3,10.4,2.1,0.5,14.5,23.6,G,FR,eron-harris-1
549,Michael Wang,27.3,25.5,.553,471,2018-19,Pennsylvania,26,9,1.6,105,98,0.8,0.8,.137,1.4,-0.1,1.3,18.4,5.2,17.5,11.4,12.5,1.5,1.3,13.7,25.5,F,FR,michael-wang-1
550,JaCobi Wood,27.3,25.4,.585,692,2020-21,Belmont,30,7,2.4,106,101,1.4,1.0,.136,-0.6,-2.0,-2.6,16.2,1.2,9.7,5.7,16.0,1.7,0.0,18.6,25.4,G,FR,jacobi-wood-1
551,John Mobley Jr.,27.3,24.5,.548,891,2024-25,Ohio State,32,22,2.4,112,112,1.7,0.7,.107,3.8,0.9,4.7,14.7,0.7,5.8,3.3,15.3,1.5,0.3,11.0,24.5,G,FR,john-mobley-jr-1
552,Payton Sandfort,27.2,23.1,.557,357,2021-22,Iowa,34,0,1.4,118,106,1.0,0.3,.155,4.4,-0.9,3.5,18.8,7.3,12.8,10.0,10.9,0.8,1.2,9.4,23.1,G,FR,payton-sandfort-1
553,Dominique Matthews,27.2,25.1,.539,758,2016-17,Illinois–Chicago,35,14,2.0,106,106,1.2,0.8,.108,0.6,-1.4,-0.8,15.5,3.2,11.0,7.3,11.3,1.6,0.5,12.8,25.1,G,FR,dominique-matthews-1
554,Marcus Smart,27.2,27.2,.532,1106,2012-13,Oklahoma State,33,32,5.4,105,86,2.5,2.9,.195,4.7,6.2,10.8,24.0,5.4,15.3,10.3,26.8,5.3,2.2,18.9,27.2,G,FR,marcus-smart-1
555,Damion Lee,27.2,22.8,.591,1042,2011-12,Drexel,36,35,5.0,116,94,2.9,2.1,.191,4.2,2.1,6.3,20.3,4.3,15.3,9.7,14.2,1.9,1.3,14.1,22.8,G,FR,damion-lee-1
556,Jason Schofield,27.2,26.8,.522,355,2024-25,Marist,28,0,1.3,106,100,0.6,0.7,.142,-0.6,-0.2,-0.9,21.0,15.5,14.6,15.0,23.5,1.8,3.6,15.9,26.8,F,FR,jason-schofield-1
557,Norchad Omier,27.2,24.2,.565,613,2020-21,Arkansas State,23,22,3.3,114,89,1.8,1.6,.218,0.9,-0.4,0.5,28.4,17.4,34.5,26.1,6.5,2.6,5.5,13.8,24.2,F,FR,norchad-omier-1
558,Brant Byers,27.2,19.8,.650,598,2024-25,Miami (OH),34,1,2.6,130,105,1.8,0.9,.177,2.5,-0.4,2.1,19.6,3.2,15.3,9.4,5.1,1.8,2.4,6.8,19.8,F,FR,brant-byers-1
559,JD Notae,27.2,28.0,.500,878,2017-18,Jacksonville,28,28,1.9,96,101,0.5,1.4,.087,-1.0,-0.8,-1.9,16.5,3.6,13.2,8.4,12.7,3.1,1.7,14.3,28.0,G,FR,jd-notae-1
560,Damian Jones,27.2,25.2,.549,798,2013-14,Vanderbilt,31,28,2.1,101,100,0.8,1.4,.107,-1.1,1.6,0.5,17.4,8.8,15.9,12.6,2.3,0.7,5.7,15.0,25.2,C,FR,damian-jones-1
561,Zion Harmon,27.2,27.8,.527,929,2022-23,Bethune-Cookman,32,27,1.2,98,113,0.8,0.4,.050,-1.9,-4.3,-6.2,14.0,1.0,7.0,3.9,21.6,1.9,0.6,18.7,27.8,G,FR,zion-harmon-2
562,Cade Tyson,27.2,22.1,.612,872,2022-23,Belmont,30,28,3.4,119,105,2.4,1.0,.155,2.3,-1.0,1.3,19.8,4.6,13.8,9.4,6.0,2.0,1.3,10.2,22.1,F,FR,cade-tyson-1
563,Ben Harvey,27.2,25.7,.559,695,2018-19,Eastern Illinois,32,1,1.2,101,110,0.8,0.4,.070,-1.1,-3.2,-4.3,15.7,4.5,15.9,10.1,10.0,1.4,0.5,17.8,25.7,G,FR,ben-harvey-1
564,Brandon Britt,27.2,28.2,.508,705,2010-11,William & Mary,28,21,1.1,99,111,0.9,0.3,.065,-0.8,-2.9,-3.8,14.9,2.1,8.3,5.4,20.9,1.3,0.3,15.1,28.2,G,FR,brandon-britt-1
565,Marcus LoVett,27.2,24.7,.575,948,2016-17,St. John's (NY),30,25,2.7,110,110,2.1,0.6,.114,4.1,0.2,4.3,18.8,2.0,8.2,5.1,24.8,2.3,0.1,16.0,24.7,G,FR,marcus-lovett-1
566,Seth Tuttle,27.2,20.7,.675,761,2011-12,Northern Iowa,34,34,4.5,131,97,3.3,1.3,.239,6.1,2.2,8.3,27.6,12.2,20.5,16.2,11.8,2.3,2.3,13.6,20.7,F,FR,seth-tuttle-1
567,Marcus Williams,27.2,27.1,.552,777,2020-21,Wyoming,25,24,2.0,104,108,1.5,0.5,.104,1.4,-1.7,-0.3,18.3,0.7,8.9,4.7,28.7,2.5,0.8,18.3,27.1,G,FR,marcus-williams-24
568,Denver Jones,27.2,24.8,.550,831,2021-22,Florida International,31,7,3.0,112,104,2.1,0.9,.145,2.2,-0.8,1.4,18.6,3.0,12.6,7.9,17.6,2.0,0.3,12.8,24.8,G,FR,denver-jones-1
569,Will Riley,27.2,23.8,.532,899,2024-25,Illinois,35,9,3.3,118,108,2.3,1.0,.146,4.8,1.7,6.5,17.4,5.2,11.6,8.5,16.1,0.6,1.0,9.2,23.8,F,FR,will-riley-1
570,Wendell Green Jr.,27.2,28.0,.501,884,2020-21,Eastern Kentucky,29,25,3.1,103,98,1.7,1.5,.142,1.2,-0.6,0.6,18.6,2.1,10.5,6.1,29.5,2.8,0.4,14.9,28.0,G,FR,wendell-greenjr-1
571,Jordan Nwora,27.1,23.1,.609,336,2017-18,Louisville,28,0,1.3,113,99,0.7,0.6,.156,2.8,2.4,5.2,19.4,5.2,14.6,10.2,6.4,2.9,0.9,15.0,23.1,F,FR,jordan-nwora-1
572,John Gillon,27.1,24.8,.591,609,2012-13,Little Rock,27,12,2.2,108,100,1.4,0.8,.143,1.8,-0.5,1.4,17.9,1.5,12.4,6.5,23.9,1.8,0.2,20.4,24.8,G,FR,john-gillon-1
573,Mark Williams,27.1,20.8,.648,350,2020-21,Duke,23,15,1.9,125,97,1.3,0.6,.216,6.0,3.7,9.7,30.2,14.5,20.0,17.2,9.5,2.2,9.6,13.7,20.8,C,FR,mark-williams-7
574,Connor Essegian,27.1,23.8,.556,959,2022-23,Wisconsin,35,19,3.2,109,102,1.8,1.4,.133,3.9,1.4,5.4,16.6,2.9,14.4,8.4,6.1,1.3,0.1,8.9,23.8,G,FR,connor-essegian-1
575,Koby McEwen,27.1,24.6,.605,969,2016-17,Utah State,31,30,3.5,110,103,2.1,1.4,.143,2.9,0.4,3.3,18.3,1.9,15.8,9.3,19.2,1.4,1.2,18.0,24.6,G,FR,koby-mcewen-1
576,Chris Flores,27.1,25.1,.529,935,2009-10,NJIT,31,27,3.3,105,97,1.7,1.6,.140,,,,18.9,3.8,11.1,7.2,19.7,3.4,0.1,12.5,25.1,G,FR,chris-flores-1
577,Gilvydas Biruta,27.1,23.2,.587,706,2010-11,Rutgers,32,31,3.1,115,99,2.0,1.1,.173,2.5,1.0,3.5,23.1,13.0,17.3,15.1,5.7,2.6,3.7,14.6,23.2,F,FR,gilvydas-biruta-1
578,Giorgi Bezhanishvili,27.1,25.2,.570,862,2018-19,Illinois,33,33,2.1,104,107,1.3,0.8,.098,0.9,0.5,1.4,17.9,9.7,13.8,11.7,6.7,1.4,3.4,17.7,25.2,F,FR,giorgi-bezhanishvili-1
579,Mac McClung,27.1,27.2,.506,767,2018-19,Georgetown,29,29,1.4,100,109,0.9,0.6,.075,0.4,-0.5,-0.1,14.3,3.2,7.4,5.4,15.3,1.7,0.6,13.6,27.2,G,FR,matthew-mcclung-1
580,Thomas Sorber,27.0,23.6,.580,752,2024-25,Georgetown,24,23,3.4,115,97,1.7,1.7,.179,4.1,4.4,8.5,24.7,9.5,21.9,15.6,15.6,2.7,7.6,15.3,23.6,F,FR,thomas-sorber-1
581,John Jenkins,27.0,19.6,.646,716,2009-10,Vanderbilt,31,7,3.3,131,104,2.5,0.8,.183,,,,19.9,1.4,8.8,5.4,8.4,1.1,0.7,8.1,19.6,G,FR,john-jenkins-1
582,Carvell Teasett,27.0,26.4,.553,506,2020-21,Northwestern State,29,0,0.9,100,110,0.7,0.2,.073,0.8,-2.6,-1.8,16.0,1.2,8.0,4.6,22.3,2.3,0.4,19.2,26.4,G,FR,carvell-teasett-1
583,Marshawn Powell,27.0,25.1,.534,992,2009-10,Arkansas,32,32,3.2,106,102,2.0,1.2,.128,,,,20.9,8.5,16.0,12.3,10.1,1.8,4.3,12.9,25.1,F,FR,marshawn-powell-1
584,Elijah Hutchins-Everett,27.0,25.3,.568,802,2021-22,Austin Peay,29,29,2.1,102,104,1.1,0.9,.102,-1.5,-2.2,-3.7,17.5,9.6,20.3,14.7,7.1,1.1,1.7,19.0,25.3,C,FR,elijah-hutchins-everett-1
585,Louis King,27.0,25.0,.552,943,2018-19,Oregon,31,28,3.3,105,97,1.5,1.8,.140,2.9,1.7,4.6,17.2,5.4,16.0,10.9,9.0,1.7,1.0,14.5,25.0,F,FR,louis-king-1
586,Zach Norvell Jr.,27.0,22.5,.595,999,2017-18,Gonzaga,37,29,4.9,121,98,3.0,1.9,.195,4.7,2.7,7.4,20.3,4.7,11.3,8.1,14.4,2.4,0.3,12.8,22.5,G,FR,zach-norvelljr-1
587,Ron Jessamy,27.0,22.9,.626,312,2023-24,Mount St. Mary's,29,0,1.4,119,101,0.9,0.5,.180,-0.8,-0.1,-0.8,22.6,14.9,15.8,15.4,6.3,2.4,4.4,17.1,22.9,F,FR,ron-jessamy-1
588,Tommy Bruner,27.0,26.5,.529,979,2019-20,USC Upstate,33,32,1.5,99,111,1.2,0.3,.063,-1.0,-3.3,-4.4,14.9,1.3,7.1,4.1,17.1,1.8,0.1,15.7,26.5,G,FR,tommy-bruner-1
589,Jalen Harris,27.0,24.6,.556,618,2016-17,Louisiana Tech,27,2,2.3,108,97,1.1,1.2,.147,0.6,0.1,0.7,17.8,3.9,11.0,7.6,13.2,2.0,1.2,13.7,24.6,G,FR,jalen-harris-2
590,Michael Eley,27.0,25.3,.500,610,2022-23,Siena,29,2,1.9,106,100,1.0,1.0,.127,0.1,-0.1,0.0,16.7,4.6,12.2,8.4,6.9,2.8,1.0,7.1,25.3,G,FR,michael-eley-1
591,Mfiondu Kabengele,27.0,24.4,.557,503,2017-18,Florida State,34,0,2.1,112,97,1.2,1.0,.171,2.1,1.9,3.9,22.1,14.4,20.4,17.5,3.7,1.7,6.2,13.7,24.4,F,FR,mfiondu-kabengele-1
592,Vyctorius Miller,27.0,23.7,.563,476,2024-25,Louisiana State,25,5,1.4,111,109,0.9,0.5,.115,2.1,1.0,3.1,16.3,2.4,11.2,7.0,13.4,1.6,1.1,12.4,23.7,G,FR,vyctorius-miller-1
593,Mason Klabo,27.0,17.9,.673,254,2025-26,Illinois State,18,2,1.5,147,101,1.0,0.5,.242,6.6,2.1,8.8,21.5,3.8,14.1,9.1,17.2,0.9,0.9,3.4,17.9,G,FR,mason-klabo-1
594,Jacquan Nobles,27.0,22.4,.587,776,2009-10,Tennessee State,32,15,2.1,112,110,1.7,0.4,.108,,,,16.8,3.0,6.4,4.6,7.8,2.3,0.1,12.6,22.4,G,FR,jacquan-nobles-1
595,Christian Peevy,26.9,24.2,.619,444,2017-18,Incarnate Word,28,6,1.3,109,107,0.9,0.5,.120,-2.7,-2.7,-5.4,19.0,9.2,15.4,12.4,7.7,1.4,2.4,20.8,24.2,F,FR,christian-peevy-1
596,Jared McCain,26.9,21.1,.611,1137,2023-24,Duke,36,36,5.2,124,101,3.3,1.9,.182,6.0,2.6,8.5,19.4,3.1,15.2,9.3,11.0,2.0,0.2,10.1,21.1,G,FR,jared-mccain-2
597,Payton Sparks,26.9,23.9,.589,867,2021-22,Ball State,31,31,3.2,115,108,2.5,0.7,.148,1.1,-2.8,-1.6,21.8,12.5,21.2,16.9,9.0,0.8,2.0,15.9,23.9,C,FR,payton-sparks-1
598,Myles Rice,26.9,25.9,.526,1161,2023-24,Washington State,35,35,3.8,107,102,1.9,1.9,.132,1.2,2.4,3.6,17.0,1.5,9.1,5.4,22.7,2.9,0.5,15.4,25.9,G,FR,myles-rice-1
599,Luka Brajkovic,26.9,24.8,.579,846,2018-19,Davidson,34,33,3.3,109,98,1.8,1.5,.157,0.2,1.0,1.3,20.9,10.5,17.5,14.1,12.9,0.9,5.6,16.3,24.8,F,FR,luka-brajkovic-1
600,Charles Bassey,26.9,22.1,.673,1067,2018-19,Western Kentucky,34,34,5.0,115,94,2.7,2.3,.189,2.9,2.3,5.2,25.9,11.0,24.6,18.1,5.1,1.5,8.7,20.9,22.1,C,FR,charles-bassey-1
601,Chasson Randle,26.9,23.3,.581,1127,2011-12,Stanford,37,36,4.7,111,96,2.7,2.0,.167,3.1,2.7,5.8,17.5,2.2,11.5,6.5,14.2,2.2,0.2,15.9,23.3,G,FR,chasson-randle-1
602,Jaden Shackelford,26.9,22.9,.567,911,2019-20,Alabama,31,19,3.2,116,107,2.6,0.6,.140,5.3,-0.2,5.1,18.3,4.5,11.1,7.8,9.4,1.0,0.6,9.9,22.9,G,FR,jaden-shackelford-1
603,Ja'Kobe Walter,26.9,23.4,.541,1131,2023-24,Baylor,35,35,4.2,119,108,3.0,1.2,.149,4.6,1.2,5.8,17.1,5.3,12.0,8.7,8.1,2.0,0.8,9.1,23.4,G,FR,jakobe-walter-2
604,Cameron Krutwig,26.9,23.1,.628,899,2017-18,Loyola Chicago,38,34,4.9,121,94,2.9,2.1,.219,4.3,2.2,6.6,24.7,11.4,20.6,16.6,15.3,1.3,3.4,15.0,23.1,C,FR,cameron-krutwig-1
605,Jack Smiley,26.9,23.0,.604,292,2025-26,Belmont,19,0,1.2,120,104,0.7,0.5,.170,3.9,-0.1,3.8,17.1,2.2,10.6,6.9,25.2,1.2,0.5,14.8,23.0,G,FR,jack-smiley-2
606,Melsahn Basabe,26.9,23.1,.606,759,2010-11,Iowa,31,31,2.8,109,99,1.6,1.1,.146,2.2,1.9,4.2,22.0,13.0,19.5,16.2,2.7,0.9,6.1,18.7,23.1,F,FR,melsahn-basabe-1
607,Deonte Burton,26.9,24.1,.559,948,2010-11,Nevada,32,32,3.5,114,105,2.6,0.9,.148,3.0,1.2,4.3,19.5,1.3,7.1,4.2,26.6,2.5,1.0,15.4,24.1,G,FR,deonte-burton-1
608,Anthony Dell'Orso,26.9,23.8,.596,979,2022-23,Campbell,34,27,3.2,110,104,2.0,1.2,.133,0.8,-1.7,-0.9,19.1,4.6,20.9,12.9,10.1,1.9,0.7,15.6,23.8,G,FR,anthony-dellorso-1
609,Jackson Furman,26.9,23.8,.573,493,2025-26,Army,20,4,0.9,107,115,0.5,0.4,.075,-2.4,-2.7,-5.1,13.0,1.5,14.3,7.6,11.5,1.6,0.8,15.5,23.8,G,FR,jackson-furman-1
610,Gary Harris,26.9,22.1,.584,1010,2012-13,Michigan State,34,33,4.5,117,97,2.9,1.6,.177,5.4,3.4,8.7,19.2,3.7,6.8,5.3,9.8,2.8,0.7,12.0,22.1,G,FR,gary-harris-1
611,Trayce Jackson-Davis,26.9,21.5,.600,939,2019-20,Indiana,32,32,5.3,124,94,3.4,1.8,.225,6.3,3.5,9.8,27.6,11.8,21.2,16.5,8.5,1.4,7.3,10.4,21.5,F,FR,trayce-jackson-davis-1
612,Essam Mostafa,26.9,22.6,.577,651,2020-21,Coastal Carolina,26,25,3.5,118,93,2.1,1.4,.212,1.0,-1.1,-0.1,24.8,15.7,21.2,18.6,6.6,1.1,4.1,13.3,22.6,C,FR,essam-mostafa-1
613,Bogdan Bliznyuk,26.9,20.9,.677,665,2014-15,Eastern Washington,35,0,2.9,125,108,2.4,0.5,.172,2.2,-1.2,1.0,23.1,8.1,17.0,12.6,11.2,1.7,2.3,17.3,20.9,F,FR,bogdan-bliznyuk-1
614,Trey Burke,26.8,26.4,.538,1227,2011-12,Michigan,34,32,4.3,107,103,2.9,1.3,.139,5.2,1.4,6.6,19.4,2.4,10.7,6.5,28.7,1.7,1.2,16.7,26.4,G,FR,trey-burke-1
615,Stefan Vaaks,26.8,23.1,.574,588,2025-26,Providence,19,11,1.6,118,119,1.3,0.3,.107,4.6,-0.5,4.1,16.4,2.2,6.3,4.4,17.9,1.7,1.2,12.1,23.1,G,FR,stefan-vaaks-1
616,Brad Waldow,26.8,20.0,.636,612,2011-12,St. Mary's (CA),33,24,3.2,127,96,2.2,1.1,.211,3.9,1.4,5.2,25.1,13.8,15.9,14.9,4.2,1.3,5.6,10.3,20.0,F,FR,brad-waldow-1
617,Nike Sibande,26.8,25.0,.542,1117,2017-18,Miami (OH),34,33,3.0,104,104,1.5,1.5,.107,0.0,-0.5,-0.5,15.7,2.9,12.2,7.6,7.8,2.0,0.5,13.2,25.0,G,FR,nike-sibande-1
618,DJ Hall,26.8,22.7,.593,586,2025-26,Texas State,20,19,2.6,119,100,1.4,1.3,.181,1.8,-0.2,1.7,22.2,8.9,22.8,15.9,16.5,2.8,1.8,14.5,22.7,F,FR,dj-hall-1
619,James Young,26.8,23.4,.536,1296,2013-14,Kentucky,40,39,4.7,115,104,3.0,1.7,.145,4.2,1.9,6.1,16.6,3.7,11.0,7.5,10.8,1.4,0.6,12.3,23.4,G,FR,james-young-1
620,Jarron Cumberland,26.8,21.4,.602,669,2016-17,Cincinnati,35,0,3.3,122,97,2.0,1.3,.200,4.6,3.7,8.3,21.8,6.3,8.3,7.3,14.9,3.1,1.6,12.6,21.4,G,FR,jarron-cumberland-1
621,Derrick Marks,26.8,25.9,.565,645,2011-12,Boise State,30,13,2.0,103,101,1.1,0.8,.123,0.3,1.5,1.8,18.5,3.3,19.1,10.4,22.3,2.3,2.4,21.7,25.9,G,FR,derrick-marks-1
622,Dante Maddox Jr.,26.8,22.8,.621,390,2020-21,Cal State Fullerton,16,9,1.3,115,111,1.1,0.2,.129,3.0,-1.3,1.8,18.7,1.5,8.5,4.9,13.7,2.1,0.3,15.5,22.8,G,FR,dante-maddoxjr-1
623,Tony Bradley,26.8,20.7,.590,553,2016-17,North Carolina,38,0,3.1,129,98,2.1,1.0,.225,5.6,2.3,7.9,26.2,18.6,19.0,18.8,7.2,1.0,4.4,9.9,20.7,F,FR,tony-bradley-1
624,DJ Thomas,26.8,21.2,.643,314,2025-26,West Virginia,19,0,1.2,119,103,0.7,0.6,.158,2.8,1.1,3.8,17.0,7.8,8.6,8.2,9.4,1.4,0.0,15.3,21.2,F,FR,dj-thomas-1
625,Kyle Guy,26.8,22.3,.578,634,2016-17,Virginia,34,7,2.7,116,97,1.5,1.2,.173,4.7,3.3,8.0,17.9,1.0,10.4,5.8,15.2,1.4,0.2,8.7,22.3,G,FR,kyle-guy-1
626,Casey Walker,26.8,24.3,.538,978,2010-11,Delaware State,30,29,2.1,105,110,1.7,0.5,.086,0.8,-4.1,-3.3,16.2,3.1,10.4,6.5,5.6,1.5,2.0,10.6,24.3,G,FR,casey-walker-1
627,Devin Carter,26.8,27.5,.511,561,2021-22,South Carolina,30,7,1.6,99,97,0.6,1.0,.117,1.8,1.8,3.6,17.7,6.4,15.5,10.9,19.5,2.6,1.9,19.2,27.5,G,FR,devin-carter-3
628,Trent Frazier,26.8,26.3,.513,842,2017-18,Illinois,32,16,2.2,103,104,1.1,1.1,.105,2.7,1.5,4.2,16.0,0.9,7.9,4.1,23.8,3.6,0.1,15.4,26.3,G,FR,trent-fraizer-1
629,Dylan Faulkner,26.8,21.0,.620,378,2023-24,Lipscomb,29,0,2.0,130,102,1.4,0.6,.208,2.7,0.4,3.0,27.0,12.1,22.5,17.6,6.2,1.2,9.7,7.0,21.0,F,FR,dylan-faulkner-1
630,D'maurian Williams,26.8,25.1,.546,625,2020-21,Gardner-Webb,26,5,1.9,105,103,1.2,0.7,.120,1.0,-0.8,0.2,17.2,1.1,12.6,6.9,17.8,2.7,0.4,14.1,25.1,G,FR,dmaurian-williams-1
631,Ethan Roberts,26.7,21.9,.620,898,2022-23,Army,33,31,3.4,118,105,2.4,1.0,.151,1.8,-1.5,0.3,18.5,2.5,16.9,10.0,8.7,1.2,0.1,12.5,21.9,F,FR,ethan-roberts-1
632,Wesley Yates III,26.7,23.1,.593,1008,2024-25,Southern California,33,24,2.9,113,111,2.0,0.9,.113,3.6,1.2,4.7,16.8,4.0,7.7,5.9,11.2,2.3,0.8,13.3,23.1,G,FR,wesley-yates-iii-1
633,Tomislav Ivisic,26.7,21.8,.597,859,2024-25,Illinois,32,31,4.0,123,100,2.4,1.6,.187,6.3,4.5,10.7,22.0,7.4,22.2,15.2,15.8,1.2,4.0,12.8,21.8,C,FR,tomislav-ivisic-1
634,Akwasi Yeboah,26.7,25.5,.500,657,2016-17,Stony Brook,31,10,1.9,104,102,1.0,0.9,.118,1.1,-1.3,-0.2,17.4,7.7,20.5,13.7,6.5,1.3,2.9,10.1,25.5,G,FR,akwasi-yeboah-1
635,Francis Alonso,26.7,22.5,.619,965,2015-16,UNC Greensboro,34,26,2.6,113,113,2.1,0.4,.106,1.9,-2.4,-0.4,16.1,0.9,6.4,3.6,12.5,1.1,0.6,15.6,22.5,G,FR,francis-alonso-1
636,Kevin Puryear,26.7,24.2,.562,767,2015-16,Missouri,31,31,2.0,107,109,1.3,0.6,.102,2.1,-0.7,1.4,17.1,5.9,14.5,10.3,3.9,0.9,0.6,13.7,24.2,F,FR,kevin-puryear-1
637,Peter Jok,26.7,23.4,.535,255,2013-14,Iowa,27,0,0.9,114,104,0.6,0.4,.144,2.4,1.9,4.3,16.9,2.2,8.4,5.4,13.9,2.0,1.3,10.5,23.4,G,FR,peter-jok-1
638,Azuolas Tubelis,26.7,24.7,.562,694,2020-21,Arizona,26,20,2.5,107,100,1.5,1.0,.143,3.3,1.2,4.5,19.7,11.3,19.4,15.4,9.8,1.3,2.6,17.8,24.7,F,FR,azuolas-tubelis-1
639,Jarvis Threatt,26.7,24.0,.563,742,2011-12,Delaware,31,3,3.4,115,98,2.2,1.1,.181,4.5,1.7,6.3,23.8,4.2,14.1,9.3,20.8,3.3,1.0,14.2,24.0,G,FR,jarvis-threatt-1
640,Deion Hammond,26.7,23.9,.556,783,2017-18,Monmouth,31,23,2.0,108,109,1.3,0.7,.100,2.0,-1.1,0.9,15.1,2.7,8.1,5.5,7.5,1.7,1.0,10.5,23.9,G,FR,deion-hammond-1
641,J.J. Thomas,26.7,25.4,.512,610,2010-11,Louisiana–Lafayette,25,21,1.9,105,102,1.1,0.8,.125,0.1,-1.0,-0.8,18.4,8.8,20.2,14.4,7.5,0.8,2.1,13.5,25.4,F,FR,jj-thomas-1
642,Matt Harris,26.7,23.7,.566,534,2014-15,UMass Lowell,26,0,1.5,106,105,0.9,0.6,.111,2.4,-1.4,1.0,16.6,2.3,9.2,5.6,10.0,2.0,0.5,10.6,23.7,G,FR,matt-harris-1
643,Anthony Davis,26.7,18.8,.654,1281,2011-12,Kentucky,40,40,9.9,139,81,5.9,4.1,.310,9.1,8.1,17.2,35.1,11.6,25.6,19.0,7.5,2.5,13.7,8.6,18.8,F,FR,anthony-davis-5
644,Marquise Kennedy,26.7,24.3,.576,671,2019-20,Loyola Chicago,32,6,2.9,108,93,1.5,1.4,.171,1.1,1.9,3.1,20.3,3.1,13.3,8.4,14.0,3.4,1.8,12.7,24.3,G,FR,marquise-kennedy-1
645,Chuck Harris,26.7,25.4,.537,714,2020-21,Butler,24,14,1.8,104,106,1.2,0.6,.102,2.6,1.0,3.6,16.3,2.3,10.5,6.1,18.0,2.1,0.3,13.7,25.4,G,FR,chuck-harris-2
646,Corey Sanders,26.7,27.4,.512,905,2015-16,Rutgers,27,24,1.2,98,112,0.8,0.4,.053,1.8,-0.1,1.7,17.4,1.5,8.7,5.1,29.3,3.0,0.5,16.5,27.4,G,FR,corey-sanders-2
647,Jalen Duren,26.7,22.8,.608,733,2021-22,Memphis,29,29,3.5,113,92,1.8,1.7,.190,3.7,3.3,7.1,25.3,14.0,21.5,18.0,10.5,1.8,9.9,18.6,22.8,C,FR,jalen-duren-1
648,Sean Obi,26.7,24.4,.587,791,2013-14,Rice,30,29,2.6,104,98,1.1,1.5,.129,0.4,-0.3,0.1,21.0,10.9,30.2,20.5,8.8,1.2,3.2,16.8,24.4,C,FR,sean-obi-1
649,Stephen Hurt,26.6,24.3,.573,728,2012-13,Lipscomb,30,21,2.1,106,105,1.5,0.6,.116,0.2,-2.6,-2.4,20.8,11.9,26.2,18.6,9.7,0.9,2.6,19.4,24.3,F,FR,stephen-hurt-1
650,Alon Michaeli,26.6,24.0,.529,346,2025-26,Colorado,17,0,1.1,114,110,0.7,0.4,.127,2.9,0.2,3.1,18.3,8.1,20.1,14.2,11.2,1.5,1.8,8.9,24.0,F,FR,alon-michaeli-1
651,Jeremiah Johnson,26.6,23.6,.599,683,2024-25,Green Bay,30,27,1.5,112,116,1.3,0.3,.090,-0.1,-2.2,-2.3,17.3,3.5,19.7,11.9,12.4,1.0,1.0,13.5,23.6,G,FR,jeremiah-johnson-2
652,D.J. Burns,26.6,23.5,.567,594,2019-20,Southern,32,1,2.8,113,94,1.6,1.2,.187,0.6,-0.4,0.2,22.6,11.8,20.2,15.9,11.0,2.6,2.1,13.8,23.5,F,FR,damiree-burns-1
653,Jalen Suggs,26.6,24.8,.595,868,2020-21,Gonzaga,30,30,4.6,112,91,2.5,2.1,.210,4.8,4.6,9.4,22.6,2.7,18.0,11.0,23.7,3.5,1.1,19.5,24.8,G,FR,jalen-suggs-1
654,Efe Odigie,26.6,27.7,.530,682,2018-19,UTEP,25,21,1.9,95,92,0.3,1.6,.111,-2.6,0.0,-2.6,18.0,11.0,29.5,20.4,5.5,1.3,2.1,20.2,27.7,F,FR,efe-odigie-1
655,Daniel Oturu,26.6,23.3,.568,834,2018-19,Minnesota,35,31,3.1,109,99,1.7,1.4,.149,2.8,2.4,5.2,22.0,11.7,21.6,16.6,5.3,1.1,5.7,13.8,23.3,C,FR,daniel-oturu-1
656,Archie Goodwin,26.6,27.2,.509,1048,2012-13,Kentucky,33,33,3.1,100,99,1.6,1.5,.117,1.0,1.1,2.1,16.9,5.6,11.2,8.5,16.8,2.1,1.4,18.1,27.2,G,FR,archie-goodwin-1
657,Alex King,26.6,25.2,.560,585,2017-18,Army,30,0,1.3,98,102,0.4,0.9,.089,-2.0,-0.9,-2.9,14.9,3.9,16.2,9.9,7.7,1.8,3.7,17.3,25.2,F,FR,alex-king-1
658,Tyler Hood,26.6,24.1,.561,784,2011-12,Samford,30,24,1.7,107,112,1.5,0.2,.087,1.0,-3.2,-2.2,17.4,6.0,11.0,8.5,11.3,1.4,0.9,14.2,24.1,F,FR,tyler-hood-1
659,Tucker Anderson,26.6,22.3,.558,955,2023-24,Central Arkansas,31,29,2.5,115,114,2.0,0.4,.104,1.0,-2.4,-1.5,16.6,2.9,10.4,6.6,9.8,1.6,1.7,8.2,22.3,F,FR,tucker-anderson-1
660,Jordon Varnado,26.6,23.0,.545,878,2015-16,Troy,31,30,3.0,114,105,2.1,1.0,.139,2.7,-1.0,1.7,21.7,8.6,17.9,13.1,8.0,1.2,4.4,8.3,23.0,F,FR,jordon-varnado-1
661,Nick Mayo,26.6,21.3,.661,923,2015-16,Eastern Kentucky,31,31,3.1,119,110,2.4,0.7,.133,2.0,-1.4,0.5,20.6,6.4,12.9,9.8,7.3,1.2,4.0,15.6,21.3,F,FR,nick-mayo-1
662,Justin Sears,26.6,26.6,.512,648,2012-13,Yale,29,15,1.8,100,100,1.0,0.8,.112,-0.1,-0.8,-0.9,19.9,14.6,16.8,15.6,9.9,2.8,3.1,17.5,26.6,F,FR,justin-sears-1
663,Francis Folefac,26.6,22.6,.610,495,2025-26,Siena,20,11,2.0,115,101,1.0,1.0,.163,0.3,1.6,1.9,20.0,8.4,13.8,11.1,13.2,2.4,4.8,17.5,22.6,F,FR,francis-folefac-1
664,Franck Emmou,26.6,23.3,.613,429,2023-24,UMBC,30,0,1.1,111,113,0.8,0.2,.099,-0.6,-3.6,-4.3,14.8,0.5,10.0,5.4,14.8,0.5,0.4,17.6,23.3,G,FR,franck-emmou-1
665,Ricky Council IV,26.6,25.8,.506,327,2020-21,Wichita State,21,1,1.0,101,98,0.5,0.6,.125,2.3,0.7,3.0,17.1,5.0,18.2,11.5,13.8,1.1,1.0,13.5,25.8,G,FR,ricky-counciliv-1
666,Jordan Mathews,26.6,23.2,.529,671,2013-14,California,35,12,1.9,113,109,1.4,0.6,.116,2.9,0.0,2.9,15.7,3.9,8.6,6.3,7.3,1.1,0.3,6.0,23.2,G,FR,jordan-mathews-1
667,Moses Moody,26.5,22.3,.568,1082,2020-21,Arkansas,32,32,5.2,120,98,3.4,1.8,.193,5.2,2.3,7.4,20.4,6.3,11.8,9.0,8.2,1.6,2.0,9.9,22.3,G,FR,moses-moody-1
668,Jalen Haynes,26.5,23.0,.600,370,2025-26,Southern Illinois,20,2,1.3,113,105,0.7,0.6,.139,1.8,1.6,3.4,16.9,1.5,10.8,6.2,21.3,1.8,1.5,17.1,23.0,G,FR,jalen-haynes-3
669,Loudon Love,26.5,25.8,.539,972,2017-18,Wright State,35,35,3.8,102,89,1.2,2.6,.158,0.0,1.4,1.4,21.1,12.5,28.1,20.2,9.1,1.6,4.1,16.7,25.8,F,FR,loudon-love-1
670,R.J. Mahurin,26.5,23.2,.562,340,2010-11,Indiana State,34,0,1.1,106,98,0.6,0.6,.131,-0.4,1.0,0.6,15.9,1.1,17.4,9.3,7.9,1.8,2.1,12.2,23.2,F,FR,rj-mahurin-1
671,Anthony Smith lll,26.5,24.0,.558,396,2025-26,North Dakota,21,0,1.3,115,111,0.8,0.4,.130,0.9,-2.2,-1.3,19.2,4.6,10.4,7.2,28.9,2.6,0.7,14.9,24.0,G,FR,anthony-smith-lll-1
672,CJ Elleby,26.5,27.1,.531,992,2018-19,Washington State,32,28,2.1,101,108,1.2,0.8,.084,1.7,-0.6,1.1,17.8,6.0,20.0,13.1,20.1,1.9,2.0,17.8,27.1,F,FR,cj-elleby-1
673,Tim Williams,26.5,22.9,.574,1119,2012-13,Samford,32,30,4.1,112,102,2.8,1.3,.145,1.8,-0.9,0.9,23.2,6.8,21.9,14.0,5.8,2.7,3.7,10.8,22.9,F,FR,tim-williams-3
674,Makuach Maluach,26.5,21.0,.658,670,2017-18,New Mexico,34,15,2.4,122,109,1.9,0.5,.145,2.2,-0.9,1.3,18.9,6.3,9.0,7.6,9.6,1.5,1.2,14.8,21.0,F,FR,makuach-maluach-1
675,Jett Howard,26.5,23.0,.562,922,2022-23,Michigan,29,29,3.0,113,106,2.1,1.0,.132,4.2,1.0,5.2,16.7,1.0,8.7,5.0,12.9,0.8,2.1,9.2,23.0,G,FR,jett-howard-1
676,Braylon Mullins,26.5,21.8,.599,338,2025-26,Connecticut,13,9,1.5,116,94,0.6,0.9,.176,3.7,4.9,8.7,17.2,4.8,11.9,8.5,10.8,3.0,2.3,13.1,21.8,G,FR,braylon-mullins-1
677,Nathan Knight,26.5,22.8,.594,534,2016-17,William & Mary,31,6,2.1,117,104,1.5,0.7,.159,0.2,0.8,1.0,22.8,9.6,18.6,14.4,11.7,1.3,8.5,13.0,22.8,F,FR,nathan-knight-1
678,Percy Gibson,26.5,19.9,.646,311,2011-12,Iowa State,29,6,1.3,122,101,0.9,0.4,.165,3.2,1.7,4.9,22.0,8.0,14.9,11.4,2.2,1.0,4.5,10.8,19.9,C,FR,percy-gibson-1
679,Kennedy Meeks,26.5,22.7,.560,554,2013-14,North Carolina,34,17,2.6,115,96,1.4,1.2,.186,4.4,2.2,6.6,24.5,15.6,24.9,20.2,9.2,1.1,5.2,13.2,22.7,F,FR,kennedy-meeks-1
680,Bradley Beal,26.5,23.0,.575,1267,2011-12,Florida,37,37,5.7,115,97,3.6,2.1,.180,5.4,2.9,8.4,22.0,4.8,20.3,12.3,12.7,2.5,2.6,14.3,23.0,G,FR,bradley-beal-1
681,Cane Broome,26.5,24.4,.543,1011,2014-15,Sacred Heart,32,30,2.7,105,106,1.7,0.9,.106,0.6,-1.4,-0.8,17.0,1.7,11.4,6.6,15.2,2.1,0.6,15.0,24.4,G,FR,cane-broome-1
682,Ethan Wragge,26.5,19.5,.656,541,2009-10,Creighton,34,7,2.1,124,106,1.6,0.5,.152,,,,17.8,3.9,13.2,8.7,6.1,0.9,1.2,10.4,19.5,F,FR,ethan-wragge-1
683,Tyree Appleby,26.5,28.6,.552,874,2017-18,Cleveland State,34,25,1.5,98,108,0.7,0.8,.070,-0.6,-2.1,-2.7,16.7,2.3,8.9,5.5,33.8,2.9,1.0,24.1,28.6,G,FR,tyree-appleby-1
684,Marquez Letcher-Ellis,26.5,24.9,.570,690,2015-16,Rice,32,1,1.7,106,109,1.1,0.6,.098,-1.8,-1.5,-3.3,19.5,8.5,18.4,13.5,6.4,2.0,5.4,17.1,24.9,F,FR,marquez-letcher-ellis-1
685,Sadaidriene Hall,26.5,21.9,.597,631,2021-22,Stephen F. Austin,32,3,3.6,122,91,2.2,1.5,.231,4.1,2.1,6.1,27.2,15.0,16.9,15.9,16.4,3.4,5.0,13.1,21.9,F,FR,sadaidriene-hall-1
686,Jason Carter,26.5,23.7,.561,642,2016-17,Ohio,31,15,2.9,112,93,1.5,1.5,.183,1.0,1.1,2.1,22.1,10.6,23.0,17.0,5.7,1.7,3.1,12.0,23.7,F,FR,jason-carter-5
687,Sam Iorio,26.5,22.2,.610,934,2017-18,American,28,28,3.1,115,107,2.2,0.9,.133,2.5,-1.1,1.3,21.3,5.8,19.4,12.2,9.3,2.4,3.0,12.6,22.2,F,FR,sam-iorio-2
688,Jake Kyman,26.4,20.7,.588,314,2019-20,UCLA,26,0,1.1,117,104,0.8,0.3,.136,5.9,0.7,6.6,17.5,1.9,10.9,6.3,5.1,1.5,1.5,7.9,20.7,G,FR,jake-kyman-1
689,Pascal Siakam,26.4,21.2,.614,1048,2014-15,New Mexico State,34,27,5.9,123,92,3.5,2.4,.225,3.8,1.8,5.5,26.1,13.5,17.8,15.7,10.0,1.7,5.9,15.3,21.2,F,FR,pascal-siakam-1
690,Josh Christopher,26.4,25.5,.529,446,2020-21,Arizona State,15,15,1.1,101,104,0.6,0.5,.099,2.4,1.8,4.2,17.8,2.4,16.1,9.0,9.8,2.7,1.9,11.4,25.5,G,FR,josh-christopher-1
691,AJ Brodeur,26.4,25.1,.550,865,2016-17,Pennsylvania,28,28,2.9,103,96,1.2,1.7,.136,0.6,2.6,3.2,21.7,6.7,18.7,12.8,14.1,1.9,9.1,16.1,25.1,F,FR,aj-brodeur-1
692,Taylor Hendricks,26.4,21.2,.589,1179,2022-23,UCF,34,34,5.7,122,97,3.5,2.2,.195,5.4,2.5,7.9,22.5,8.1,16.2,12.1,8.6,1.6,6.2,9.9,21.2,F,FR,taylor-hendricks-1
693,Kelly Oubre,26.4,23.1,.555,756,2014-15,Kansas,36,27,3.4,112,93,1.7,1.7,.180,4.7,4.1,8.8,21.1,6.4,19.2,13.2,8.1,3.3,1.8,12.5,23.1,G,FR,kelly-oubre-1
694,DeShawn Gory,26.4,22.6,.571,489,2025-26,Fresno State,19,19,1.9,115,102,0.9,1.0,.152,2.7,1.8,4.4,18.1,5.1,18.7,12.1,14.2,1.6,0.7,10.4,22.6,F,FR,deshawn-gory-1
695,Jeremy Hemsley,26.4,24.2,.542,1014,2015-16,San Diego State,37,25,3.7,107,97,1.8,1.9,.146,1.2,2.1,3.4,15.9,2.2,7.5,4.9,15.5,1.6,1.3,14.8,24.2,G,FR,jeremy-hemsley-1
696,Jalen Forrest,26.4,27.0,.506,709,2022-23,Presbyterian,27,15,1.0,98,111,0.6,0.4,.057,-1.9,-3.7,-5.6,12.4,4.2,8.5,6.3,12.1,1.1,0.5,16.7,27.0,G,FR,jalen-forrest-1
697,Braxton Jones,26.4,25.5,.525,288,2022-23,Hartford,28,1,0.4,97,111,0.2,0.2,.050,-5.1,-5.4,-10.5,13.9,3.3,11.5,7.3,9.0,1.7,0.8,13.7,25.5,G,FR,braxton-jones-1
698,Ethan Chargois,26.4,23.8,.552,661,2017-18,SMU,31,24,2.5,109,98,1.2,1.2,.149,1.4,1.3,2.7,19.2,8.2,16.3,12.2,10.8,2.3,4.2,13.9,23.8,F,FR,ethan-chargois-1
699,Shareef Jackson,26.4,25.9,.544,423,2025-26,Lafayette,19,19,0.8,101,108,0.2,0.6,.079,-1.6,-0.4,-1.9,17.9,9.9,18.3,14.0,17.1,2.2,3.7,17.9,25.9,F,FR,shareef-jackson-1
700,Jontrell Walker,26.4,24.5,.570,807,2014-15,Incarnate Word,27,24,1.7,106,112,1.4,0.3,.085,0.1,-3.5,-3.3,15.9,2.0,6.6,4.3,12.1,1.8,0.1,16.3,24.5,G,FR,jontrell-walker-1
701,Kouat Noi,26.4,20.3,.622,726,2017-18,TCU,33,9,2.6,124,109,2.0,0.6,.145,5.3,0.7,6.1,18.9,6.4,15.0,10.8,5.8,1.7,0.4,9.4,20.3,F,FR,kouat-noi-1
702,De'Sean Allen-Eikens,26.4,24.5,.564,977,2019-20,North Dakota,33,30,2.7,108,109,2.1,0.5,.109,0.8,-2.8,-2.0,17.6,8.4,10.6,9.5,7.5,1.1,1.1,15.0,24.5,G,FR,desean-allen-eikens-1
703,Drew Timme,26.4,21.0,.625,676,2019-20,Gonzaga,33,4,3.9,125,93,2.5,1.4,.233,3.8,2.2,6.0,25.0,11.6,17.7,14.8,10.6,1.4,4.5,13.4,21.0,F,FR,drew-timme-1
704,Jamarion Batemon,26.4,19.4,.597,254,2025-26,Iowa State,19,0,1.2,131,98,0.7,0.6,.195,2.7,2.4,5.1,16.2,1.4,7.8,4.7,5.1,2.5,0.5,4.0,19.4,G,FR,jamarion-batemon-1
705,Jalen Smith,26.4,22.9,.551,880,2018-19,Maryland,33,33,3.9,117,99,2.4,1.5,.177,4.6,2.3,7.0,22.4,12.5,16.4,14.6,7.1,1.0,5.1,10.5,22.9,F,FR,jalen-smith-1
706,Wheeler Baker,26.3,24.8,.536,417,2014-15,Albany (NY),30,1,1.0,101,102,0.5,0.6,.099,-0.1,-1.5,-1.6,13.3,1.6,11.2,6.4,6.3,1.6,1.0,14.7,24.8,G,FR,wheeler-baker-1
707,Nick Hopkins,26.3,21.8,.596,461,2017-18,Belmont,28,0,1.8,118,103,1.1,0.7,.155,3.4,0.9,4.3,18.0,3.4,10.5,7.2,10.2,2.3,0.2,8.4,21.8,G,FR,nick-hopkins-1
708,Ben Defty,26.3,21.7,.653,372,2024-25,Boston University,32,0,1.3,114,105,0.8,0.5,.137,-1.5,-0.4,-1.9,20.0,9.2,19.0,14.0,10.1,0.8,5.9,20.5,21.7,F,FR,ben-defty-1
709,Nate Pierre-Louis,26.3,23.7,.531,457,2017-18,Temple,27,1,1.5,108,102,0.8,0.7,.129,4.2,2.6,6.9,20.1,7.2,12.8,9.9,7.0,3.2,1.9,9.5,23.7,G,FR,nate-pierre-louis-1
710,Dalen Davis,26.3,24.4,.537,441,2023-24,Princeton,29,0,1.2,107,105,0.7,0.6,.112,0.1,-0.8,-0.7,14.4,3.0,5.8,4.4,11.4,2.1,0.8,11.0,24.4,G,FR,dalen-davis-1
711,Chris Perry,26.3,24.5,.522,656,2013-14,South Florida,32,10,1.7,105,105,0.9,0.8,.106,0.3,-0.2,0.1,18.3,11.3,18.6,14.9,5.2,0.8,3.7,11.9,24.5,F,FR,chris-perry-1
712,Jaylen Carey,26.3,19.2,.662,535,2023-24,James Madison,36,0,3.1,132,95,1.9,1.2,.231,3.3,1.5,4.8,25.0,11.5,20.2,15.9,9.3,2.5,2.2,10.4,19.2,F,FR,jaylen-carey-1
713,Mark Gasperini,26.3,27.0,.514,819,2016-17,American,30,29,1.4,97,107,0.6,0.8,.070,-1.7,-2.0,-3.7,15.9,6.4,13.6,9.9,14.5,1.3,2.1,14.1,27.0,F,FR,mark-gasperini-1
714,Doron Lamb,26.3,20.1,.631,1078,2010-11,Kentucky,38,14,4.7,125,103,3.5,1.2,.174,4.3,1.9,6.2,18.8,2.1,5.6,3.9,11.3,1.2,0.6,11.9,20.1,G,FR,doron-lamb-1
715,Mike Felt,26.3,19.4,.643,375,2010-11,North Dakota State,27,0,1.4,129,109,1.2,0.2,.153,3.7,-1.5,2.2,17.4,1.6,6.2,4.0,7.7,0.9,0.3,9.6,19.4,G,FR,mike-felt-1
716,Kennedy Chandler,26.3,25.0,.539,1048,2021-22,Tennessee,34,34,4.6,108,92,2.2,2.4,.176,4.2,4.8,9.0,20.2,2.5,9.7,6.0,32.3,4.1,0.9,16.2,25.0,G,FR,kennedy-chandler-1
717,Justise Winslow,26.3,22.9,.572,1135,2014-15,Duke,39,39,5.5,115,93,3.1,2.5,.196,5.3,4.6,10.0,22.3,5.4,19.8,13.1,13.2,2.8,2.9,14.2,22.9,F,FR,justise-winslow-1
718,Keith McDougald,26.3,26.2,.500,629,2010-11,Jacksonville,31,15,1.7,98,97,0.6,1.1,.107,-0.8,0.1,-0.7,13.4,4.8,9.0,6.8,10.3,2.7,0.2,16.3,26.2,G,FR,keith-mcdougle-1
719,DeVante Jones,26.3,23.0,.586,686,2018-19,Coastal Carolina,23,20,2.7,117,105,1.9,0.8,.158,2.7,0.1,2.8,20.3,3.2,11.7,7.5,24.2,2.5,0.2,16.0,23.0,G,FR,devante-jones-2
720,Zion Stanford,26.3,23.5,.564,506,2023-24,Temple,34,1,1.2,107,109,0.7,0.5,.098,-0.6,-0.5,-1.2,17.0,4.9,12.6,8.5,10.7,1.3,2.5,14.9,23.5,G,FR,zion-stanford-1
721,John Blackwell,26.3,21.5,.594,628,2023-24,Wisconsin,34,1,2.3,121,107,1.6,0.7,.149,3.6,1.3,4.9,17.5,4.5,17.3,10.7,6.4,1.4,0.4,10.5,21.5,G,FR,john-blackwell-3
722,Teyvion Kirk,26.3,28.0,.519,993,2017-18,Ohio,31,31,2.2,97,101,0.6,1.5,.088,-1.2,0.5,-0.8,16.2,3.8,16.9,10.4,19.4,2.3,0.6,18.7,28.0,G,FR,teyvion-kirk-1
723,T.J. Warren,26.2,19.5,.638,944,2012-13,NC State,35,14,4.1,128,105,3.4,0.8,.174,6.1,1.8,7.9,23.5,9.6,8.8,9.2,5.9,2.6,1.5,9.3,19.5,F,FR,tj-warren-1
724,Kyle Casey,26.2,22.4,.642,678,2009-10,Harvard,29,10,2.9,115,97,1.8,1.1,.173,,,,19.2,7.6,19.2,13.8,9.6,0.9,4.4,20.1,22.4,F,FR,kyle-casey-1
725,Adrease Jackson,26.2,22.2,.624,324,2017-18,Dartmouth,26,2,1.0,112,105,0.7,0.4,.129,0.8,-2.2,-1.4,20.2,8.8,29.2,19.0,6.5,0.9,2.5,14.8,22.2,F,FR,adrease-jackson-1
726,Chris Lykes,26.2,25.8,.533,690,2017-18,Miami (FL),32,10,1.8,103,105,0.9,0.9,.103,1.0,1.0,1.9,14.2,0.5,6.1,3.3,20.4,2.1,0.2,16.8,25.8,G,FR,chris-lykes-1
727,Matt Lewis,26.2,23.6,.522,1017,2017-18,James Madison,32,15,3.0,113,110,2.3,0.7,.120,1.9,-0.9,1.0,17.5,2.6,11.2,6.6,14.6,1.8,0.6,8.3,23.6,G,FR,matt-lewis-1
728,Doug Edert,26.2,20.7,.621,520,2019-20,Saint Peter's,30,7,2.1,119,101,1.4,0.7,.160,3.3,-1.2,2.1,16.4,2.4,9.5,5.9,7.8,0.7,0.5,13.7,20.7,G,FR,doug-edert-1
729,Balsa Koprivica,26.2,19.3,.697,278,2019-20,Florida State,27,0,1.5,129,96,1.0,0.5,.220,2.7,1.9,4.6,24.9,13.3,14.3,13.8,5.9,1.9,3.1,15.7,19.3,C,FR,balsa-koprivica-1
730,Ognjen Miljkovic,26.2,25.5,.528,465,2013-14,Eastern Washington,25,7,0.8,100,109,0.4,0.4,.068,-1.4,-2.2,-3.6,13.6,5.7,14.2,10.0,6.1,1.4,1.1,15.6,25.5,F,FR,ognjen-miljkovic-1
731,JT Terrell,26.2,27.7,.504,769,2010-11,Wake Forest,32,16,0.5,95,115,0.5,0.0,.028,-0.1,-2.7,-2.8,12.7,3.1,6.7,5.0,15.6,1.5,0.1,16.7,27.7,G,FR,jt-terrell-1
732,Dawson Baker,26.2,22.4,.574,589,2020-21,UC Irvine,25,17,2.6,114,96,1.5,1.1,.178,1.9,1.6,3.5,19.4,3.2,7.8,5.6,11.3,2.4,0.6,12.1,22.4,G,FR,dawson-baker-1
733,Sean Pedulla,26.2,23.2,.591,466,2021-22,Virginia Tech,36,0,1.9,114,100,1.2,0.7,.164,2.0,2.2,4.2,17.9,1.7,9.7,5.8,19.7,2.8,0.3,15.9,23.2,G,FR,sean-pedulla-1
734,Max Green,26.2,26.3,.536,1066,2024-25,Holy Cross,31,31,2.4,104,109,1.3,1.1,.090,0.7,-2.6,-2.0,16.3,3.8,15.8,10.0,20.9,1.5,0.9,16.5,26.3,G,FR,max-green-1
735,Stephon Jelks,26.2,21.0,.595,397,2014-15,Mercer,31,1,1.9,122,98,1.2,0.7,.191,3.5,-0.4,3.1,24.0,12.2,18.8,15.5,8.6,2.3,1.9,10.7,21.0,F,FR,stephon-jelks-1
736,Jalen Cone,26.2,22.5,.600,589,2019-20,Virginia Tech,32,3,1.5,106,106,1.0,0.5,.100,2.5,-0.8,1.7,13.9,0.8,6.3,3.5,8.0,0.6,0.2,12.4,22.5,G,FR,jalen-cone-1
737,Chuck Bailey III,26.2,27.3,.502,628,2023-24,Evansville,34,1,0.7,95,109,0.1,0.6,.046,-2.6,-2.3,-4.9,12.1,3.0,13.6,8.3,8.8,0.9,0.4,13.9,27.3,G,FR,chuck-bailey-iii-1
738,Jordan Howard,26.2,24.9,.552,978,2014-15,Central Arkansas,29,29,0.7,102,121,1.3,-0.5,.031,0.6,-5.7,-5.2,13.4,0.7,7.9,4.3,14.1,0.8,0.0,15.7,24.9,G,FR,jordan-howard-2
739,Lamont West,26.2,21.4,.544,441,2016-17,West Virginia,37,1,2.1,122,97,1.2,0.8,.188,3.8,1.7,5.5,17.1,6.0,11.8,8.7,6.5,1.3,2.2,6.4,21.4,F,FR,lamont-west-1
740,Mo Evans,26.2,21.2,.639,783,2013-14,IPFW,36,0,3.0,121,107,2.2,0.8,.152,2.4,0.7,3.1,20.3,2.6,12.9,7.8,16.4,3.4,0.7,16.4,21.2,G,FR,mo-evans-1
741,Tyrell Terry,26.2,24.5,.589,1010,2019-20,Stanford,31,31,4.5,108,91,2.3,2.3,.179,3.4,2.7,6.1,19.3,1.4,14.4,8.3,20.3,2.5,0.2,17.5,24.5,G,FR,tyrell-terry-1
742,Andre Hollins,26.2,25.5,.554,780,2011-12,Minnesota,37,21,2.0,101,103,1.1,0.8,.100,1.3,1.5,2.8,15.0,1.7,11.4,6.5,18.5,2.6,0.8,21.3,25.5,G,FR,andre-hollins-1
743,Jamee Crockett,26.2,22.7,.549,571,2011-12,DePaul,31,16,1.6,111,109,1.3,0.3,.112,3.9,-0.1,3.8,18.1,4.4,10.0,6.9,12.9,2.2,1.6,10.6,22.7,F,FR,jamee-crockett-1
744,Duane Wilson,26.2,25.5,.519,899,2014-15,Marquette,32,29,2.0,101,106,1.2,0.8,.088,1.2,1.2,2.4,15.3,1.8,8.4,5.1,17.2,2.6,1.0,13.9,25.5,G,FR,duane-wilson-1
745,Baye Ndongo,26.2,23.8,.585,805,2023-24,Georgia Tech,29,29,2.1,105,105,1.1,1.1,.105,1.3,1.6,3.0,19.8,10.3,22.2,16.3,7.9,1.6,4.3,19.4,23.8,F,FR,baye-ndongo-1
746,Zed Key,26.1,22.2,.607,362,2020-21,Ohio State,31,1,1.6,118,103,1.2,0.4,.175,2.8,1.9,4.7,23.3,15.7,17.6,16.7,5.1,0.5,6.8,15.4,22.2,F,FR,zed-key-1
747,Keith McKnight,26.1,21.9,.573,485,2025-26,Quinnipiac,20,3,2.0,118,102,1.0,0.9,.162,0.2,0.4,0.6,21.2,10.3,16.0,13.2,8.8,3.0,3.1,11.3,21.9,F,FR,keith-mcknight-1
748,Garrett Johnson,26.1,22.4,.589,672,2023-24,George Washington,23,23,2.0,113,109,1.3,0.7,.119,1.9,-0.8,1.1,17.4,3.8,16.6,10.5,6.6,1.5,1.2,12.4,22.4,G,FR,garrett-johnson-3
749,Sheldon McClellan,26.1,21.3,.556,879,2011-12,Texas,34,9,3.5,121,104,2.6,0.9,.159,5.2,2.2,7.3,19.8,5.2,10.6,7.8,5.2,2.4,0.4,8.0,21.3,G,FR,sheldon-mcclellan-1
750,Obi Emegano,26.1,24.9,.550,1100,2011-12,Western Illinois,33,31,3.0,102,101,1.6,1.4,.108,-2.7,-0.2,-2.9,16.5,2.8,14.9,8.5,7.5,2.1,0.1,14.6,24.9,G,FR,obi-emegano-2
751,Greg Brown,26.1,26.9,.535,535,2020-21,Texas,26,24,1.5,94,92,0.3,1.2,.113,-0.2,2.7,2.5,16.0,6.7,26.0,16.8,3.8,1.6,5.0,20.9,26.9,F,FR,greg-brown-9
752,Kyle Kuzma,26.1,25.2,.536,252,2014-15,Utah,31,0,1.0,105,93,0.4,0.5,.157,0.4,2.2,2.6,16.5,5.5,20.5,13.7,16.3,0.3,2.2,15.8,25.2,F,FR,kyle-kuzma-1
753,Wynston Tabbs,26.1,23.4,.547,468,2018-19,Boston College,15,14,1.5,111,106,1.0,0.5,.126,1.9,1.2,3.1,18.6,1.2,12.3,6.8,19.2,2.1,0.7,11.6,23.4,G,FR,wynston-tabbs-1
754,Joe Jackson,26.1,28.2,.532,765,2010-11,Memphis,35,27,1.5,95,103,0.6,0.9,.079,0.1,-0.3,-0.1,15.0,4.2,6.8,5.6,29.3,2.6,0.7,26.2,28.2,G,FR,joe-jackson-1
755,Jeff Beverly,26.1,25.7,.528,667,2013-14,Texas A&M–Corpus Christi,34,34,1.0,99,111,0.6,0.5,.062,-2.4,-3.1,-5.5,12.9,9.2,9.9,9.5,4.2,1.0,1.2,18.0,25.7,F,FR,jeff-beverly-2
756,Xavier Rathan-Mayes,26.1,27.2,.512,1110,2014-15,Florida State,32,30,2.5,99,105,1.4,1.1,.089,2.4,0.2,2.6,15.6,1.9,10.0,6.2,29.0,1.9,0.0,18.9,27.2,G,FR,xavier-rathan-mayes-1
757,J.C. Hampton,26.1,24.2,.565,941,2013-14,Lipscomb,30,30,1.9,106,112,1.4,0.5,.083,0.9,-2.0,-1.1,15.2,0.8,10.7,5.6,20.5,1.8,0.6,15.9,24.2,G,FR,jc-hampton-1
758,Tyrell Nelson,26.1,23.3,.558,652,2013-14,Gardner-Webb,32,4,2.2,108,100,1.1,1.1,.137,-2.3,-0.8,-3.1,18.8,11.4,17.8,14.5,5.1,2.1,2.1,14.4,23.3,F,FR,tyrell-nelson-1
759,Alex Poythress,26.1,21.4,.636,852,2012-13,Kentucky,33,31,3.5,115,99,2.3,1.2,.165,2.2,0.4,2.6,19.8,8.9,18.1,13.7,5.2,0.6,1.6,18.5,21.4,F,FR,alex-poythress-1
760,E.C. Matthews,26.1,24.6,.535,1041,2013-14,Rhode Island,32,25,3.1,105,102,1.5,1.6,.119,2.3,1.2,3.5,16.6,3.2,11.8,7.6,16.3,1.7,2.1,15.1,24.6,G,FR,ec-matthews-1
761,MaCio Teague,26.1,20.4,.613,1124,2016-17,UNC Asheville,33,32,5.6,127,100,3.7,1.9,.198,4.7,0.0,4.6,21.5,1.9,14.3,8.1,15.3,1.8,0.8,6.9,20.4,G,FR,macio-teague-1
762,Francis Nwaokorie,26.1,21.9,.649,766,2021-22,UC San Diego,29,24,3.4,119,102,2.4,1.0,.177,1.8,-1.0,0.8,21.3,9.0,17.7,13.5,12.3,1.8,2.0,15.9,21.9,F,FR,francis-nwaokorie-1
763,Justin Turner,26.1,25.2,.516,1051,2017-18,Bowling Green,31,31,2.4,103,108,1.4,1.0,.091,0.8,-0.4,0.5,16.2,2.6,9.3,5.9,16.3,2.5,0.9,13.4,25.2,G,FR,justin-turner-1
764,Mackenzie Mgbako,26.1,24.4,.524,894,2023-24,Indiana,33,33,2.0,107,112,1.4,0.7,.091,2.2,0.1,2.3,14.7,4.6,12.2,8.6,9.3,0.9,1.5,9.6,24.4,F,FR,mackenzie-mgbako-2
765,Myles Powell,26.1,22.4,.536,785,2016-17,Seton Hall,33,2,2.7,114,104,1.7,1.0,.136,3.3,2.1,5.4,16.0,2.6,8.0,5.2,7.3,2.2,0.8,8.9,22.4,G,FR,myles-powell-1
766,Nana Foulland,26.0,23.5,.555,829,2014-15,Bucknell,34,34,2.5,108,105,1.7,0.8,.120,-0.1,-0.9,-1.0,20.4,10.7,17.2,13.9,6.8,1.1,4.8,13.3,23.5,C,FR,nana-fouland-1
767,Adama Sanogo,26.0,23.3,.558,392,2020-21,Connecticut,23,20,1.5,105,94,0.7,0.8,.152,0.4,3.1,3.5,20.5,9.8,22.1,15.8,7.3,1.4,6.0,17.0,23.3,F,FR,adama-sanogo-1
768,Brian Bennett,26.0,22.2,.544,765,2012-13,Cal Poly,32,32,2.5,115,107,2.0,0.5,.132,1.1,-1.7,-0.7,20.0,9.6,17.3,13.0,8.2,1.0,1.8,7.7,22.2,F,FR,brian-bennett-1
769,Keldon Johnson,26.0,22.7,.558,1137,2018-19,Kentucky,37,36,4.9,116,98,2.9,2.0,.171,4.1,2.6,6.7,18.5,5.5,16.5,11.3,10.4,1.5,0.6,11.8,22.7,G,FR,keldon-johnson-1
770,Evan Gilyard,26.0,28.8,.512,626,2017-18,UTEP,31,13,0.8,91,103,0.0,0.9,.052,-2.6,-0.6,-3.1,12.4,1.4,9.0,5.3,17.4,2.4,0.2,20.0,28.8,G,FR,evan-gilyard-1
771,Reed Timmer,26.0,25.3,.549,926,2014-15,Drake,31,29,1.6,105,117,1.7,-0.1,.067,0.8,-3.6,-2.8,16.1,1.3,9.3,5.5,20.9,1.2,0.1,15.2,25.3,G,FR,reed-timmer-1
772,Matthew Hurt,26.0,20.4,.600,637,2019-20,Duke,31,22,3.3,125,96,2.1,1.1,.205,5.8,2.0,7.8,21.6,8.4,11.6,10.0,7.6,1.2,3.3,9.7,20.4,F,FR,matthew-hurt-1
773,Kasparas Jakucionis,26.0,24.2,.590,1051,2024-25,Illinois,33,33,3.7,112,105,2.2,1.5,.141,4.0,2.6,6.6,17.4,4.9,13.6,9.5,26.0,1.5,0.8,22.7,24.2,G,FR,kasparas-jakucionis-1
774,Jared Samuelson,26.0,22.1,.597,367,2016-17,Montana,32,3,1.3,116,106,0.9,0.4,.142,0.2,-0.2,0.0,20.4,9.5,15.3,12.3,6.3,1.6,3.4,13.3,22.1,F,FR,jared-samuelson-1
775,Trey McKenney,26.0,19.8,.638,363,2025-26,Michigan,18,0,1.7,128,100,0.9,0.8,.191,4.0,3.3,7.2,15.7,3.1,9.8,6.9,7.7,1.0,0.0,11.0,19.8,G,FR,trey-mckenney-1
776,D.J. Carton,26.0,24.8,.593,477,2019-20,Ohio State,20,3,1.8,106,97,1.0,0.8,.148,3.7,2.5,6.3,17.9,2.6,10.7,6.9,27.0,1.6,2.0,22.9,24.8,G,FR,dj-carton-1
777,Jerry Deng,26.0,21.5,.582,722,2023-24,Hampton,33,11,2.2,116,111,1.6,0.6,.119,0.0,-2.6,-2.6,18.2,5.6,15.0,10.3,4.6,1.0,2.4,10.1,21.5,F,FR,jerry-deng-1
778,Colbey Ross,26.0,23.9,.581,1017,2017-18,Pepperdine,32,32,2.5,113,117,2.5,0.1,.100,2.9,-1.3,1.7,19.4,1.3,10.4,5.7,36.0,1.9,0.6,18.6,23.9,G,FR,colbey-ross-1
779,Marshall Henderson,26.0,24.4,.520,823,2009-10,Utah,30,30,2.0,103,104,1.2,0.8,.100,,,,14.5,1.0,9.4,5.4,7.9,1.6,0.3,9.8,24.4,G,FR,marshall-henderson-1
780,Nyle Ralph-Beyer,26.0,19.7,.599,666,2024-25,Sacred Heart,32,8,1.9,122,114,1.5,0.4,.112,1.0,-3.1,-2.1,15.2,3.1,9.2,6.1,4.1,0.8,0.3,5.6,19.7,G,FR,nyle-ralph-beyer-1
781,Sam Griffin,26.0,23.1,.543,674,2019-20,UT Arlington,32,15,1.7,104,104,1.0,0.7,.102,1.1,0.1,1.1,15.1,0.2,6.7,3.4,11.8,1.7,0.0,9.5,23.1,G,FR,sam-griffin-1
782,Amin Torres,26.0,26.0,.534,460,2012-13,Nicholls State,26,1,0.6,96,110,0.4,0.2,.049,-1.4,-2.6,-4.0,13.6,1.3,9.9,5.2,14.9,2.3,0.0,18.6,26.0,G,FR,amin-torres-1
783,Justin Winston,26.0,24.5,.523,625,2019-20,St. Bonaventure,31,28,1.5,102,104,0.9,0.6,.098,0.8,-1.2,-0.4,15.2,4.4,14.9,9.7,7.6,0.9,1.1,12.6,24.5,F,FR,justin-winston-1
784,DJ Davis,26.0,25.7,.510,505,2020-21,UC Irvine,25,0,1.7,104,98,0.9,0.9,.138,0.2,0.4,0.5,15.5,1.6,5.0,3.4,18.7,2.2,0.2,14.6,25.7,G,FR,dj-davis-2
785,Kyle Wiltjer,26.0,22.2,.569,462,2011-12,Kentucky,40,0,1.9,115,98,1.2,0.7,.165,3.8,1.5,5.3,18.0,7.0,10.5,8.9,6.5,0.7,3.5,13.4,22.2,F,FR,kyle-wiltjer-1
786,Alec Peters,26.0,22.0,.608,1006,2013-14,Valparaiso,34,34,3.6,114,103,2.2,1.5,.145,2.4,-0.2,2.2,17.9,4.4,14.1,9.8,11.1,1.7,0.5,15.4,22.0,F,FR,alec-peters-1
787,Torin Dorn,26.0,22.7,.570,880,2014-15,Charlotte,32,16,2.3,108,108,1.6,0.6,.103,2.5,-1.5,1.0,17.2,3.3,12.1,7.7,9.4,1.4,0.5,14.9,22.7,G,FR,torin-dorn-1
788,DaRon Holmes II,26.0,19.9,.644,1074,2021-22,Dayton,35,35,5.7,124,93,3.4,2.3,.212,4.7,3.8,8.4,24.8,6.5,17.5,12.3,9.1,0.9,8.7,11.4,19.9,F,FR,daron-holmesii-1
789,Austin Wiley,26.0,24.5,.564,414,2016-17,Auburn,23,22,1.0,103,107,0.6,0.4,.095,0.0,-0.1,-0.1,19.1,13.3,14.5,13.9,2.5,0.6,8.0,18.6,24.5,C,FR,austin-wiley-1
790,Kevin Pangos,25.9,21.5,.605,1044,2011-12,Gonzaga,33,31,5.0,122,99,3.5,1.5,.190,5.0,2.1,7.2,20.2,1.0,9.6,5.4,21.7,2.3,0.2,13.9,21.5,G,FR,kevin-pangos-1
791,KJ Johnson,25.9,23.5,.562,802,2019-20,Lipscomb,32,16,2.4,110,107,1.8,0.6,.120,0.5,-2.8,-2.3,17.4,2.2,8.3,5.3,14.3,1.4,0.0,13.6,23.5,G,FR,kj-johnson-1
792,Quincy Miller,25.9,23.9,.541,903,2011-12,Baylor,37,35,3.5,110,99,2.1,1.3,.153,3.4,1.9,5.3,19.4,7.5,17.5,12.5,11.6,1.7,2.9,15.4,23.9,F,FR,quincy-miller-1
793,Darius Paul,25.9,25.7,.518,868,2012-13,Western Michigan,35,33,2.8,104,100,1.7,1.1,.131,1.5,-0.3,1.2,18.8,12.8,15.7,14.2,17.0,1.2,1.7,17.3,25.7,F,FR,darius-paul--1
794,Rashad Williams,25.9,22.3,.583,726,2018-19,Cleveland State,31,9,1.2,105,114,1.0,0.2,.066,1.0,-2.6,-1.6,13.6,0.5,8.0,4.3,6.5,1.4,0.1,11.9,22.3,G,FR,rashad-williams-2
795,Jackson Rasmussen,25.9,21.8,.611,566,2025-26,Idaho,18,18,1.7,115,109,1.0,0.8,.124,-0.5,-1.1,-1.6,15.8,4.3,12.7,8.5,8.4,1.0,1.2,15.4,21.8,F,FR,jackson-rasmussen-1
796,Devin Sibley,25.9,24.7,.567,826,2014-15,Furman,33,21,1.7,102,109,1.2,0.5,.082,0.1,-2.2,-2.1,15.6,3.2,11.3,7.3,12.0,1.8,1.4,19.5,24.7,G,FR,devin-sibley-1
797,Clide Geffrard,25.9,23.4,.565,895,2012-13,Samford,32,25,2.3,107,108,1.8,0.5,.103,1.6,-2.3,-0.8,18.2,6.6,15.3,10.7,7.9,1.6,2.1,13.5,23.4,F,FR,clide-geffrard-1
798,Jacob Davison,25.9,22.0,.623,544,2017-18,Eastern Washington,34,7,2.1,116,101,1.3,0.8,.158,2.4,1.0,3.5,20.1,4.7,15.8,10.4,6.7,2.8,2.2,14.4,22.0,G,FR,jacob-davison-1
799,Jalen Hudson,25.9,26.2,.550,535,2014-15,Virginia Tech,32,3,0.9,99,109,0.6,0.3,.069,0.4,-0.2,0.2,16.0,5.4,9.0,7.2,15.9,2.0,2.2,20.2,26.2,G,FR,jalen-hudson-1
800,Bennie Boatwright,25.9,23.6,.531,805,2015-16,Southern California,33,32,2.6,110,104,1.6,1.0,.131,2.6,1.0,3.6,16.9,6.9,15.2,11.2,7.5,0.9,3.1,11.2,23.6,F,FR,bennie-boatwright-1
801,Dylen Setzekorn,25.9,21.7,.628,283,2012-13,The Citadel,28,0,0.6,110,114,0.6,0.0,.083,0.0,-3.7,-3.6,17.5,6.6,11.7,9.1,3.3,2.8,1.2,16.7,21.7,G,FR,dylen-setzekorn-1
802,Jordan Burns,25.9,26.5,.530,847,2017-18,Colgate,31,19,1.6,99,108,0.8,0.8,.075,-0.3,-2.5,-2.8,15.0,1.9,9.9,5.8,23.4,1.7,0.4,18.5,26.5,G,FR,jordan-burns-1
803,Keon Johnson,25.9,26.8,.519,688,2020-21,Tennessee,27,17,2.1,98,95,0.7,1.4,.124,1.0,3.1,4.1,16.3,4.8,11.0,7.9,20.7,2.5,2.0,19.4,26.8,G,FR,keon-johnson-2
804,Chris Davis Jr.,25.9,23.5,.524,252,2025-26,College of Charleston,18,1,0.5,106,113,0.2,0.2,.076,0.2,-2.3,-2.1,13.0,4.5,9.0,6.8,4.2,1.4,0.0,9.3,23.5,G,FR,chris-davis-jr-1
805,Jacob Meyer,25.9,24.8,.531,1050,2023-24,Coastal Carolina,31,31,2.0,103,112,1.2,0.8,.075,-0.3,-1.8,-2.1,15.3,3.1,11.8,7.7,15.6,1.7,0.4,15.2,24.8,G,FR,jacob-meyer-1
806,Luke Kennard,25.9,21.3,.556,961,2015-16,Duke,36,11,3.8,123,108,2.9,0.9,.157,4.3,1.5,5.8,19.5,4.1,10.7,7.4,10.8,2.1,0.6,6.8,21.3,G,FR,luke-kennard-1
807,Donovann Toatley,25.9,27.9,.504,697,2018-19,Chattanooga,28,8,0.8,95,111,0.4,0.4,.044,-2.7,-3.5,-6.1,12.3,1.0,8.4,4.7,24.2,0.9,0.2,18.2,27.9,G,FR,donovann-toatley-1
808,Wassef Methnani,25.9,26.4,.554,414,2017-18,Fairfield,30,4,1.0,98,102,0.3,0.6,.092,-3.1,0.3,-2.8,17.1,10.9,18.5,14.6,12.7,1.5,6.5,21.3,26.4,F,FR,wassef-methnani-1
809,Isaac Bruns,25.8,24.0,.506,450,2023-24,South Dakota,32,0,0.9,107,113,0.6,0.3,.078,-1.8,-2.3,-4.0,14.3,2.9,10.6,6.9,7.5,1.8,0.7,7.4,24.0,G,FR,isaac-bruns-1
810,John-Michael Wright,25.8,24.3,.508,1039,2019-20,High Point,32,32,2.6,108,111,2.2,0.3,.099,2.4,-2.5,-0.1,18.0,5.0,14.8,9.7,17.4,1.9,1.4,10.2,24.3,G,FR,john-michael-wright-1
811,Steve Santa Ana,25.8,24.1,.539,499,2015-16,Elon,27,1,1.3,107,108,0.9,0.4,.103,1.6,-1.8,-0.1,16.1,6.0,13.5,9.8,13.9,0.7,0.7,13.4,24.1,G,FR,steve-santaana-1
812,Brandon Benjamin,25.8,20.7,.602,595,2025-26,Fairfield,19,19,2.5,123,106,1.5,0.9,.167,2.4,-2.0,0.4,23.5,14.0,21.7,17.5,7.0,1.2,5.0,13.5,20.7,F,FR,brandon-benjamin-1
813,Eric Reibe,25.8,20.7,.613,308,2025-26,Connecticut,19,5,1.4,115,93,0.5,0.8,.177,1.5,4.3,5.8,19.2,9.2,18.9,14.3,5.0,1.0,7.5,12.8,20.7,C,FR,eric-reibe-1
814,Ben Aird,25.8,21.6,.580,804,2010-11,Utah Valley,30,30,4.2,119,92,2.4,1.8,.208,2.2,0.5,2.7,24.3,9.7,22.1,16.2,11.6,1.8,5.1,11.2,21.6,C,FR,ben-aird-1
815,Jaxson Hayes,25.8,17.2,.739,747,2018-19,Texas,32,21,4.3,139,96,2.8,1.5,.230,4.6,5.5,10.1,27.0,8.7,16.3,12.5,2.6,1.5,10.6,11.8,17.2,F,FR,jaxson-hayes-1
816,Josh Corbin,25.8,19.9,.591,351,2020-21,Winthrop,25,1,1.6,123,97,1.0,0.6,.187,3.4,0.5,3.9,17.3,1.6,9.8,5.6,7.4,1.7,0.0,6.7,19.9,G,FR,josh-corbin-1
817,Warren Niles,25.8,25.5,.521,934,2009-10,Oral Roberts,32,18,2.2,98,101,0.9,1.2,.094,,,,14.0,2.2,10.6,6.5,14.8,1.5,0.4,18.0,25.5,G,FR,warren-niles-1
818,Micah Seaborn,25.7,23.4,.557,996,2015-16,Monmouth,36,35,3.3,109,102,1.8,1.5,.132,1.8,0.5,2.4,16.6,1.7,9.6,5.8,14.2,2.0,0.8,13.4,23.4,G,FR,micah-seaborn-1
819,Jasper Johnson,25.7,22.7,.558,259,2025-26,Kentucky,18,0,0.9,119,111,0.6,0.3,.140,3.0,-0.2,2.8,15.6,2.7,8.1,5.5,27.4,0.4,0.9,13.3,22.7,G,FR,jasper-johnson-2
820,Ryan Rollins,25.7,24.9,.532,907,2020-21,Toledo,30,30,2.7,105,103,1.6,1.1,.121,0.2,0.0,0.2,16.8,3.8,14.4,9.3,15.5,2.1,0.5,15.6,24.9,G,FR,ryan-rollins-1
821,Stefan Gonzalez,25.7,17.0,.744,349,2015-16,St. Mary's (CA),35,0,1.7,135,99,1.1,0.6,.195,5.6,1.7,7.4,20.4,1.6,17.4,10.2,7.3,1.5,0.0,10.5,17.0,G,FR,stefan-gonzalez-1
822,Coleton Benson,25.7,22.3,.607,876,2022-23,Army,33,31,2.7,112,107,1.8,0.8,.121,1.3,-2.0,-0.7,15.3,0.9,10.2,5.8,11.0,1.2,0.1,15.5,22.3,G,FR,coleton-benson-1
823,Kris Wilkes,25.7,23.1,.541,983,2017-18,UCLA,33,32,3.1,112,107,2.0,1.0,.125,3.2,0.9,4.2,17.5,5.0,12.6,9.0,10.9,1.4,1.9,9.5,23.1,G,FR,kris-wilkes-1
824,Kino Lilly Jr.,25.7,23.0,.581,863,2021-22,Brown,29,10,2.6,108,104,1.7,1.0,.122,2.2,-1.1,1.0,16.7,0.9,5.4,3.1,16.8,2.5,0.5,16.3,23.0,G,FR,kino-lillyjr-1
825,Jarvis Haywood,25.7,26.0,.520,798,2012-13,Jacksonville,31,30,1.7,98,104,0.9,0.7,.083,-1.3,-1.4,-2.7,15.7,6.3,13.8,9.8,12.1,2.0,1.2,18.4,26.0,G,FR,jarvis-haywood-1
826,Walter Clayton Jr.,25.7,22.4,.578,516,2021-22,Iona,32,4,2.2,114,98,1.3,0.9,.169,1.9,1.7,3.6,18.8,3.3,12.0,7.7,18.8,2.6,2.2,14.4,22.4,G,FR,walter-claytonjr-1
827,Filip Cvjeticanin,25.7,20.0,.614,493,2011-12,Florida Gulf Coast,32,1,1.4,118,111,1.2,0.2,.112,4.4,-2.4,2.0,17.1,2.4,11.5,7.0,3.8,0.8,1.2,10.2,20.0,F,FR,filip-cvjeticanin-1
828,Derrick Favors,25.7,21.8,.621,989,2009-10,Georgia Tech,36,35,4.8,112,89,2.3,2.5,.195,,,,24.5,12.6,19.9,16.5,7.9,1.8,7.9,20.0,21.8,F,FR,derrick-favors-1
829,Kurt Steidl,25.7,21.3,.605,459,2013-14,Vermont,32,2,1.8,116,100,1.0,0.8,.158,2.0,-1.0,1.0,16.2,5.5,11.4,8.6,7.1,1.1,1.5,13.3,21.3,G,FR,kurt-steidl-1
830,Tyler Dorsey,25.7,22.3,.575,1083,2015-16,Oregon,36,35,4.0,115,104,2.7,1.4,.148,4.1,0.8,4.8,17.9,5.2,11.2,8.3,12.1,1.5,0.7,14.1,22.3,G,FR,tyler-dorsey-1
831,Umoja Gibson,25.7,22.7,.579,957,2018-19,North Texas,33,23,3.7,108,95,1.7,2.0,.156,-0.6,1.2,0.7,15.8,1.2,9.2,5.2,13.4,2.8,0.2,16.1,22.7,G,FR,umoja-gibson-1
832,Andy Johnson,25.7,21.9,.542,578,2025-26,Illinois–Chicago,20,20,2.1,120,108,1.3,0.8,.144,0.5,-0.1,0.5,15.5,2.4,10.8,6.6,14.0,1.7,0.7,9.7,21.9,G,FR,andy-johnson-3
833,Aaric Murray,25.7,24.6,.509,824,2009-10,La Salle,30,27,2.2,102,102,1.2,1.0,.107,,,,19.8,8.8,17.4,13.2,9.2,1.5,8.5,14.9,24.6,C,FR,aaric-murray-1
834,David Mirkovic,25.7,21.8,.588,532,2025-26,Illinois,19,18,2.6,124,100,1.5,1.1,.196,5.4,2.9,8.3,20.4,10.7,21.2,16.4,16.0,1.1,1.0,16.6,21.8,F,FR,david-mirkovic-1
835,Jordan Sears,25.7,23.0,.589,565,2020-21,Gardner-Webb,26,13,1.9,110,105,1.3,0.5,.133,1.4,-1.1,0.3,17.9,1.8,10.5,6.2,20.0,2.1,0.9,16.6,23.0,G,FR,jordan-sears-1
836,JT Toppin,25.7,18.8,.635,956,2023-24,New Mexico,36,35,5.6,132,94,3.3,2.3,.232,5.7,3.3,9.0,27.4,14.4,22.1,18.2,4.1,2.2,7.6,8.6,18.8,F,FR,jt-toppin-1
837,Jordan Murphy,25.7,25.6,.506,822,2015-16,Minnesota,31,20,2.1,101,102,0.9,1.2,.103,0.6,1.0,1.6,19.9,11.3,23.0,16.9,6.5,2.3,4.2,13.4,25.6,F,FR,jordan-murphy-1
838,Zoom Diallo,25.7,26.0,.522,779,2024-25,Washington,31,22,1.2,102,115,0.8,0.4,.060,0.7,-0.8,-0.1,14.2,4.6,10.3,7.4,23.8,0.8,0.8,16.7,26.0,G,FR,zoom-diallo-1
839,Isaiah Joe,25.7,20.8,.593,1024,2018-19,Arkansas,34,34,3.7,116,104,2.4,1.3,.143,5.7,2.0,7.8,17.9,2.3,7.9,5.1,11.2,2.8,0.6,9.6,20.8,G,FR,isaiah-joe-1
840,Arlon Harper,25.6,22.8,.555,856,2011-12,Charleston Southern,31,26,3.1,111,101,2.0,1.1,.144,0.9,1.5,2.4,19.5,3.0,10.7,6.4,13.2,4.2,0.8,14.0,22.8,G,FR,arlon-harper-1
841,Alex Austin,25.6,22.1,.577,761,2012-13,Eastern Illinois,32,19,2.0,108,107,1.5,0.5,.104,0.8,-1.8,-1.0,16.9,0.7,15.2,7.3,11.8,2.3,0.2,12.9,22.1,G,FR,alex-austin-1
842,Desmond Washington,25.6,22.5,.561,1004,2010-11,Delaware State,30,28,2.0,107,112,1.7,0.3,.081,0.7,-4.0,-3.2,15.7,1.3,6.0,3.5,7.2,2.1,0.1,11.4,22.5,G,FR,desmond-washington-1
843,Bryce Monroe,25.6,26.9,.507,589,2020-21,Sam Houston State,28,0,1.4,98,102,0.7,0.8,.098,-2.2,-3.4,-5.5,12.1,0.7,6.3,3.5,23.8,1.1,0.2,19.0,26.9,G,FR,bryce-monroe-1
844,Treveon Graham,25.6,24.3,.504,604,2011-12,VCU,36,0,2.4,107,93,1.2,1.2,.161,1.7,1.0,2.6,18.5,9.5,14.4,11.7,7.3,2.7,1.7,12.0,24.3,G,FR,treveon-graham-1
845,Owen Freeman,25.6,20.3,.629,778,2023-24,Iowa,34,25,3.5,125,104,2.4,1.1,.181,4.6,2.9,7.5,25.3,11.7,20.1,16.0,9.3,2.3,7.9,11.9,20.3,F,FR,owen-freeman-1
846,Maurice Harkless,25.6,24.9,.504,1155,2011-12,St. John's (NY),32,32,3.2,102,102,1.8,1.3,.109,3.0,1.0,4.0,21.1,8.4,20.3,14.0,9.6,2.6,4.2,14.0,24.9,G,FR,maurice-harkless-1
847,Keli Leaupepe,25.6,20.7,.650,702,2019-20,Loyola Marymount,32,14,2.7,122,109,2.3,0.4,.152,2.5,-1.2,1.3,19.7,10.4,13.6,12.0,7.8,0.8,1.2,15.2,20.7,F,FR,keli-leaupepe-1
848,Ivan Rabb,25.6,20.0,.636,975,2015-16,California,34,34,5.1,125,95,3.1,2.0,.210,4.6,3.6,8.2,24.3,11.2,21.4,16.5,6.6,1.1,4.1,13.4,20.0,F,FR,ivan-rabb-1
849,Dawson Garcia,25.6,22.0,.580,802,2020-21,Marquette,27,27,3.0,115,105,2.2,0.8,.148,3.7,0.0,3.7,19.2,8.9,16.3,12.8,5.7,0.5,1.7,12.5,22.0,F,FR,dawson-garcia-1
850,Jud Dillard,25.6,22.7,.566,644,2009-10,Tennessee Tech,32,2,1.6,109,111,1.3,0.3,.099,,,,19.5,10.4,15.4,12.9,5.7,1.6,0.7,15.1,22.7,F,FR,jud-dillard-1
851,Josh Ritchart,25.6,23.1,.591,542,2010-11,UC Davis,30,3,1.2,102,107,0.7,0.4,.086,1.5,-2.4,-0.9,16.1,2.9,13.7,8.6,8.1,1.3,2.1,15.3,23.1,G,FR,josh-ritchart-1
852,Connor Igoe,25.6,22.4,.608,321,2025-26,Columbia,18,0,1.5,119,101,0.8,0.7,.181,-0.1,1.0,0.9,20.3,11.0,21.8,16.8,22.9,2.4,0.3,21.1,22.4,F,FR,connor-igoe-1
853,Justin Smith,25.6,22.7,.580,463,2017-18,Indiana,31,9,1.3,107,106,0.7,0.5,.108,-0.3,0.0,-0.4,17.1,10.7,13.9,12.3,3.3,0.9,2.4,16.5,22.7,F,FR,justin-smith-3
854,Ezra Ausar,25.6,23.3,.560,718,2022-23,East Carolina,32,20,2.0,103,102,0.9,1.1,.109,-0.4,1.0,0.6,18.0,9.2,17.5,13.2,5.1,2.4,2.1,16.6,23.3,F,FR,ezra-ausar-1
855,Michael Buchanan,25.6,23.8,.518,283,2013-14,USC Upstate,28,1,0.9,107,102,0.5,0.4,.126,-2.9,-1.4,-4.4,19.2,15.2,15.5,15.4,5.3,1.1,6.0,12.1,23.8,C,FR,michael-buchanan-1
856,James Thompson IV,25.6,18.8,.663,1058,2015-16,Eastern Michigan,33,33,5.7,134,101,4.1,1.6,.217,4.3,-0.7,3.6,26.8,15.4,20.4,18.0,3.9,1.3,5.1,11.5,18.8,C,FR,james-thompsoniv-1
857,Terrence Ross,25.6,21.2,.556,593,2010-11,Washington,34,4,2.5,119,100,1.7,0.9,.171,4.4,2.3,6.7,18.8,5.3,12.3,8.8,9.6,1.8,2.0,8.9,21.2,G,FR,terrence-ross-1
858,Ryan Allen,25.6,23.4,.531,1072,2017-18,Delaware,30,24,1.7,104,115,1.4,0.3,.064,0.2,-2.6,-2.4,12.9,0.9,7.3,4.1,8.5,0.8,0.6,10.2,23.4,G,FR,ryan-allen-3
859,Marvin Clark Jr.,25.6,21.7,.603,437,2014-15,Michigan State,39,7,1.5,109,99,0.8,0.7,.140,1.0,2.0,3.0,17.3,8.4,14.7,11.7,5.2,1.3,3.2,16.6,21.7,F,FR,marvin-clark-1
860,Zach Fong,25.6,22.4,.553,485,2013-14,Navy,29,0,1.1,104,108,0.6,0.5,.087,0.6,-1.9,-1.3,12.4,1.1,8.7,4.7,9.0,1.3,0.3,12.0,22.4,G,FR,zach-fong-1
861,Max Mahoney,25.6,24.4,.578,264,2016-17,Boston University,22,0,0.8,101,98,0.3,0.5,.120,-2.7,-0.8,-3.5,18.3,11.4,20.1,15.8,10.4,2.4,1.4,20.3,24.4,F,FR,max-mahoney-1
862,Sheldon Hagigal,25.6,26.5,.502,465,2013-14,St. Francis Brooklyn,23,10,0.9,95,101,0.1,0.7,.077,-3.4,0.2,-3.2,12.4,3.9,9.1,6.5,11.7,2.6,0.7,18.2,26.5,G,FR,sheldon-hagigal-1
863,Sharron Young,25.6,22.1,.596,561,2024-25,Akron,35,0,2.0,115,105,1.2,0.8,.142,0.8,1.0,1.8,16.9,3.8,8.8,6.3,17.8,3.4,0.0,16.5,22.1,G,FR,sharron-young-1
864,David Roddy,25.6,25.1,.539,820,2019-20,Colorado State,32,19,2.6,105,102,1.6,1.0,.126,1.0,0.3,1.3,18.9,8.0,17.4,12.8,14.3,1.4,3.5,15.9,25.1,G,FR,david-roddy-1
865,Aaron Harrison,25.6,21.4,.555,1303,2013-14,Kentucky,40,40,5.1,120,104,3.3,1.7,.155,3.7,2.9,6.7,17.1,2.3,7.8,5.2,11.6,2.0,0.9,11.6,21.4,G,FR,aaron-harrison-1
866,Ty'Reek Coleman,25.6,20.1,.641,462,2025-26,Illinois State,19,16,2.0,124,102,1.1,0.9,.175,2.5,1.7,4.2,16.8,2.3,7.3,4.9,14.1,1.7,0.5,14.3,20.1,G,FR,tyreek-coleman-1
867,Tyler Herro,25.6,21.4,.580,1207,2018-19,Kentucky,37,37,5.4,120,98,3.3,2.1,.181,5.1,3.8,8.9,19.4,1.6,13.9,8.2,15.0,2.0,1.1,11.8,21.4,G,FR,tyler-herro-1
868,Lamar Stevens,25.6,26.1,.506,918,2016-17,Penn State,33,33,2.3,99,101,0.9,1.4,.099,0.5,1.3,1.8,16.4,6.4,15.8,11.0,13.3,1.6,2.3,14.8,26.1,F,FR,lamar-stevens-1
869,Kiwane Garris Jr.,25.6,20.8,.581,259,2025-26,Cal State Fullerton,17,0,0.9,121,109,0.6,0.3,.142,0.4,-1.0,-0.6,18.0,4.7,18.1,11.1,8.8,2.6,0.0,6.7,20.8,G,FR,kiwane-garris-jr-1
870,Yoav Berman,25.5,23.5,.554,647,2024-25,Queens (NC),35,4,1.4,104,108,0.7,0.7,.087,-1.5,-1.7,-3.2,13.7,3.5,13.1,8.3,8.7,1.9,1.6,15.3,23.5,F,FR,yoav-berman-1
871,Eric Williams Jr.,25.5,23.8,.524,1079,2017-18,Duquesne,32,31,3.7,108,100,1.9,1.8,.137,2.4,0.0,2.4,18.9,7.0,24.1,15.2,9.9,2.4,1.0,13.3,23.8,G,FR,eric-williamsjr-1
872,Kyle Castlin,25.5,22.1,.562,747,2014-15,Columbia,28,28,2.8,117,105,2.0,0.8,.151,2.8,-1.3,1.5,19.8,9.0,11.0,10.0,8.3,1.9,1.2,12.0,22.1,G,FR,kyle-castlin-1
873,Travis Evee,25.5,22.4,.585,953,2019-20,VMI,33,22,2.9,109,105,2.0,0.9,.122,0.7,-0.7,0.1,17.5,1.3,7.8,4.5,16.8,2.9,0.4,14.9,22.4,G,FR,travis-evee-1
874,Jeromie Hill,25.5,24.5,.545,1037,2010-11,UTSA,34,34,2.6,100,102,1.3,1.3,.099,0.2,-2.0,-1.9,17.1,7.6,16.6,12.2,8.1,1.5,1.9,17.3,24.5,F,FR,jeromie-hill-1
875,Amael L'Etang,25.5,22.2,.590,571,2024-25,Dayton,34,18,2.3,117,103,1.3,0.9,.160,3.6,2.2,5.8,21.8,10.2,20.8,15.6,14.9,1.7,7.2,14.6,22.2,F,FR,amael-letang-1
876,Mohamed Bamba,25.5,21.3,.593,906,2017-18,Texas,30,29,4.8,118,90,2.4,2.4,.212,5.0,5.9,10.9,28.3,12.2,28.2,20.2,3.6,1.5,13.1,12.3,21.3,F,FR,mohamed-bamba-1
877,Kevin Bailey,25.5,25.4,.543,673,2011-12,Portland,31,23,0.7,98,114,0.7,0.0,.044,-0.4,-1.0,-1.4,14.0,3.6,8.8,6.1,11.2,1.7,3.0,19.4,25.4,G,FR,kevin-bailey-1
878,Jalen Benjamin,25.5,25.8,.541,861,2019-20,UAB,31,26,1.9,97,102,0.8,1.0,.088,-0.2,-1.4,-1.5,13.2,2.0,9.4,5.9,10.7,1.5,0.6,20.7,25.8,G,FR,jalen-benjamin-1
879,Matt Bingaya,25.5,22.8,.541,506,2013-14,Southern Mississippi,36,8,2.2,111,92,1.0,1.3,.177,1.0,1.7,2.7,21.0,11.5,21.0,16.2,8.0,3.3,2.9,13.3,22.8,G,FR,matt-bingaya-1
880,Matt Faw,25.5,23.0,.627,330,2017-18,Holy Cross,31,0,0.8,101,103,0.3,0.4,.094,-2.7,0.2,-2.5,14.9,2.1,17.3,10.1,8.3,1.7,5.4,19.0,23.0,F,FR,matt-faw-1
881,Que Johnson,25.5,23.8,.514,737,2013-14,Washington State,31,14,1.4,103,110,0.8,0.6,.074,0.9,-0.4,0.5,13.3,2.7,9.9,6.1,7.1,1.2,0.3,9.4,23.8,G,FR,que-johnson-1
882,Bryson Williams,25.5,21.8,.616,566,2016-17,Fresno State,33,26,2.1,111,98,1.1,1.0,.152,-0.8,0.1,-0.7,19.4,10.2,19.2,14.8,2.0,1.3,4.0,16.0,21.8,F,FR,bryson-williams-1
883,Charlie Moore,25.5,26.7,.505,980,2016-17,California,34,34,2.6,98,99,0.8,1.7,.104,0.7,1.7,2.3,13.5,1.4,6.3,3.9,27.4,2.3,0.0,19.4,26.7,G,FR,charlie-moore-1
884,Askia Booker,25.5,25.9,.513,754,2011-12,Colorado,35,1,2.1,99,98,0.9,1.2,.110,0.4,0.9,1.3,15.3,3.3,12.1,7.7,14.8,2.1,0.1,16.3,25.9,G,FR,askia-booker-1
885,Gabe Stefanini,25.5,24.6,.548,354,2017-18,Columbia,27,1,0.8,102,108,0.4,0.3,.085,0.3,-1.0,-0.7,16.6,5.8,10.6,8.2,14.9,3.3,0.7,17.5,24.6,G,FR,gabe-stefanini-1
886,Kawhi Leonard,25.5,24.3,.515,1064,2009-10,San Diego State,34,33,5.0,110,91,2.5,2.5,.188,,,,23.2,13.9,23.6,18.9,12.7,2.8,2.6,15.5,24.3,F,FR,kawhi-leonard-1
887,Isaiah Austin,25.5,24.1,.516,1046,2012-13,Baylor,35,35,3.8,105,96,2.0,1.8,.145,3.0,1.6,4.6,19.9,9.7,22.6,16.1,7.5,0.7,5.4,12.8,24.1,C,FR,isaiah-austin-1
888,Gabriel Pozzato,25.5,23.8,.553,838,2024-25,Evansville,24,24,1.7,103,108,0.7,1.0,.083,-1.0,-0.8,-1.8,14.8,2.6,11.7,7.3,8.6,2.2,1.4,12.9,23.8,F,FR,gabriel-pozzato-1
889,Addison Patterson,25.5,22.8,.613,309,2019-20,Oregon,28,0,0.8,102,102,0.4,0.4,.106,-0.7,1.0,0.3,15.3,3.6,9.8,6.8,8.2,2.2,2.0,21.5,22.8,G,FR,addison-patterson-1
890,Za-Ontay Boothman,25.5,25.8,.505,474,2020-21,Houston Baptist,22,7,0.4,95,113,0.3,0.1,.036,-2.2,-4.3,-6.4,12.2,1.9,8.9,5.4,12.3,1.4,0.2,13.3,25.8,G,FR,za-ontay-boothman-1
891,Shawn Williams,25.5,22.4,.572,847,2017-18,East Carolina,30,14,1.7,109,114,1.4,0.3,.082,1.6,-2.4,-0.8,13.8,0.4,6.1,3.3,12.8,1.0,0.0,13.1,22.4,G,FR,shawn-williams-4
892,Cooper Schwieger,25.5,21.8,.582,928,2023-24,Valparaiso,31,31,2.4,112,112,1.7,0.6,.103,1.5,-1.5,0.0,17.7,6.7,14.0,10.1,7.4,0.7,3.2,12.5,21.8,F,FR,cooper-schwieger-1
893,Tyler Rawson,25.4,24.8,.549,497,2014-15,Southern Utah,29,2,1.3,103,103,0.7,0.6,.107,-1.8,-0.4,-2.1,20.0,7.0,21.5,14.5,10.5,1.5,7.6,16.3,24.8,F,FR,tyler-rawson-1
894,Kurk Lee,25.4,25.6,.512,1053,2016-17,Drexel,32,30,2.4,103,109,1.6,0.8,.091,0.7,-1.2,-0.5,17.0,2.4,10.8,6.5,30.2,2.7,0.0,16.8,25.6,G,FR,kurk-lee-2
895,Sam Orme,25.4,20.4,.614,574,2024-25,Belmont,27,9,2.2,122,107,1.5,0.7,.150,2.7,0.8,3.6,20.3,8.1,15.1,11.6,9.6,2.1,5.1,10.7,20.4,F,FR,sam-orme-1
896,Damari Monsanto,25.4,23.1,.541,684,2020-21,East Tennessee State,25,20,2.8,109,95,1.4,1.4,.163,3.1,0.4,3.5,19.6,6.4,24.7,15.6,7.2,2.3,1.2,11.7,23.1,F,FR,damari-monsanto-1
897,Sekou Wiggs,25.4,23.6,.548,724,2013-14,Idaho,31,0,1.8,109,112,1.4,0.4,.099,-0.1,-2.3,-2.3,17.0,5.6,14.4,10.0,11.8,1.3,0.0,14.9,23.6,G,FR,sekou-wiggs-1
898,Michael Dixon,25.4,21.4,.576,565,2009-10,Missouri,34,8,2.5,116,97,1.5,1.0,.174,,,,18.7,1.0,6.7,3.8,19.0,3.3,0.0,12.6,21.4,G,FR,michael-dixon-1
899,AJ Griffin,25.4,18.8,.630,935,2021-22,Duke,39,25,4.2,129,102,3.0,1.2,.180,6.6,1.5,8.1,20.7,3.9,13.7,9.1,7.0,1.3,2.3,7.2,18.8,F,FR,aj-griffin-1
900,Noah Waterman,25.4,17.7,.722,411,2020-21,Detroit Mercy,15,12,1.7,133,110,1.5,0.2,.161,3.6,-1.7,1.9,21.4,5.0,14.7,9.8,6.5,1.1,2.9,11.5,17.7,F,FR,noah-waterman-1
901,Maalik Wayns,25.4,24.1,.543,495,2009-10,Villanova,33,1,1.4,106,105,0.9,0.5,.115,,,,15.4,2.3,8.6,5.5,16.2,2.4,0.2,17.8,24.1,G,FR,maalik-wayns-1
902,Khallid Hart,25.4,22.6,.579,1068,2013-14,Marist,31,31,2.9,110,109,2.0,1.0,.110,0.9,-0.2,0.7,16.8,2.0,8.1,5.0,17.3,2.4,0.0,16.0,22.6,G,FR,khallid-hart-1
903,Jaden Zimmerman,25.4,22.0,.548,799,2024-25,Quinnipiac,33,20,2.2,111,108,1.3,0.9,.110,-1.2,-1.6,-2.8,13.5,3.0,6.8,4.9,5.1,1.3,1.3,9.3,22.0,G,FR,jaden-zimmerman-1
904,Elijah Pughsley,25.4,26.4,.508,535,2015-16,Western Carolina,26,4,0.8,95,106,0.2,0.6,.059,-1.9,-1.9,-3.8,11.7,1.9,7.5,4.6,13.9,2.7,0.2,18.7,26.4,G,FR,elijah-pughsley-1
905,Ben Moore,25.4,21.1,.625,547,2013-14,SMU,37,1,2.7,119,95,1.5,1.2,.197,3.7,2.6,6.3,22.5,14.6,14.1,14.3,11.4,2.1,3.6,17.2,21.1,F,FR,ben-moore-1
906,Alonzo Sule,25.4,20.6,.633,483,2018-19,Texas State,33,0,2.2,119,97,1.3,0.9,.186,0.6,-0.6,0.0,21.0,15.7,18.3,17.0,4.4,0.5,2.6,17.0,20.6,F,FR,alonzo-sule-1
907,Tarik Watson,25.4,23.0,.559,307,2024-25,Marist,27,9,0.9,105,101,0.4,0.6,.121,-2.9,0.4,-2.5,16.8,8.6,12.3,10.4,10.4,1.4,4.5,14.5,23.0,F,FR,tarik-watson-1
908,Jarrell Brantley,25.4,25.3,.527,880,2015-16,College of Charleston,31,31,3.0,99,90,0.8,2.2,.137,-0.8,3.0,2.2,18.2,8.1,22.5,15.0,10.7,2.8,2.0,18.6,25.3,F,FR,jarrell-brantley-1
909,David Bohm,25.4,25.9,.503,445,2020-21,Northern Kentucky,25,7,0.7,97,109,0.4,0.3,.061,-2.3,-2.5,-4.8,12.9,6.5,12.7,9.6,9.6,1.1,1.0,17.3,25.9,F,FR,david-bohm-1
910,Isaiah Blackmon,25.4,21.1,.608,429,2015-16,Saint Francis (PA),19,4,1.4,115,107,1.0,0.4,.134,1.3,-0.7,0.6,20.2,7.0,10.0,8.5,13.1,2.6,1.2,15.6,21.1,G,FR,isaiah-blackmon-1
911,Jermaine Crumpton,25.4,23.8,.504,422,2014-15,Canisius,24,3,1.1,102,102,0.5,0.6,.104,-1.4,-0.4,-1.8,13.0,4.0,10.4,7.1,6.6,1.2,1.5,11.0,23.8,F,FR,jermaine-crumpton-1
912,Mouhamed Sylla,25.4,22.6,.570,335,2025-26,Georgia Tech,15,15,1.2,105,95,0.3,0.9,.138,-0.1,1.8,1.7,19.7,10.6,24.3,17.9,5.7,2.0,6.5,14.6,22.6,C,FR,mouhamed-sylla-2
913,Perry Ellis,25.4,22.3,.540,503,2012-13,Kansas,37,3,2.7,118,89,1.6,1.2,.218,3.4,2.8,6.3,22.3,11.4,21.3,16.7,8.3,1.8,2.1,9.1,22.3,F,FR,perry-ellis-1
914,Amon Dörries,25.3,23.8,.583,596,2025-26,Bucknell,20,19,0.7,102,117,0.4,0.4,.048,-2.6,-1.8,-4.4,13.5,5.0,9.9,7.3,11.5,1.6,2.6,19.8,23.8,F,FR,amon-dorries-1
915,Tiny Gallon,25.3,23.7,.584,720,2009-10,Oklahoma,30,21,2.2,105,103,1.4,0.8,.120,,,,21.4,13.1,25.2,19.1,7.5,1.7,3.3,20.9,23.7,F,FR,tiny-gallon-1
916,Isaiah Burke,25.3,24.1,.516,357,2018-19,Morgan State,18,0,0.6,99,106,0.3,0.4,.073,-1.0,-1.2,-2.2,12.8,1.9,5.2,3.4,6.5,2.7,0.3,13.8,24.1,G,FR,isaiah-burke-1
917,Xavian Stapleton,25.3,23.3,.519,558,2014-15,Louisiana Tech,36,1,1.9,105,97,0.9,1.0,.134,0.4,0.7,1.1,17.5,5.8,9.1,7.5,4.3,2.7,4.1,9.4,23.3,F,FR,xavian-stapleton-1
918,Trey Lewis,25.3,21.8,.591,336,2024-25,Purdue Fort Wayne,32,0,1.0,110,107,0.5,0.4,.114,0.2,-1.1,-0.9,16.1,2.1,11.9,7.0,6.5,2.2,3.4,11.2,21.8,G,FR,trey-lewis-2
919,Seth Hinrichs,25.3,21.6,.653,629,2011-12,Lafayette,31,19,1.5,110,112,1.4,0.1,.096,2.8,-2.5,0.4,18.4,4.4,14.5,9.2,9.7,1.8,0.9,19.8,21.6,G,FR,seth-hinrichs-1
920,Marcus Shaver Jr.,25.3,25.1,.523,914,2017-18,Portland,32,21,1.9,103,110,1.2,0.7,.084,-0.5,-0.6,-1.1,16.0,1.0,12.0,6.8,18.1,2.1,0.1,11.7,25.1,G,FR,marcus-shaver-1
921,Leo O'Boyle,25.3,22.4,.550,511,2019-20,Lafayette,31,12,1.7,114,107,1.3,0.4,.134,2.1,-2.2,-0.1,17.3,5.2,9.0,7.3,11.5,1.2,0.6,7.9,22.4,F,FR,leo-oboyle-1
922,Sim Bhullar,25.3,20.8,.588,853,2012-13,New Mexico State,35,26,4.1,117,93,2.4,1.7,.194,3.6,2.5,6.2,25.5,12.8,20.2,16.6,7.1,0.3,10.3,12.8,20.8,C,FR,sim-bhullar-1
923,Steven Roundtree,25.3,22.6,.584,995,2010-11,Oral Roberts,35,34,3.4,112,106,2.6,0.8,.136,1.9,-0.2,1.6,21.0,11.3,15.4,13.3,12.8,2.1,1.5,18.5,22.6,F,FR,steven-roundtree-1
924,Eli Wilborn,25.3,23.4,.553,768,2023-24,Saint Francis (PA),30,27,2.5,109,104,1.4,1.1,.132,-0.8,-0.8,-1.7,22.3,12.9,21.3,16.9,15.6,2.0,7.1,16.5,23.4,F,FR,eli-wilborn-1
925,Josh Minott,25.3,21.9,.571,483,2021-22,Memphis,33,5,2.4,118,94,1.4,1.0,.199,3.8,3.4,7.2,23.7,12.9,15.7,14.4,12.8,3.1,5.4,14.0,21.9,G,FR,josh-minott-1
926,Jordan Allen,25.3,22.2,.535,909,2017-18,Rider,32,30,2.4,110,108,1.5,0.8,.104,2.0,-1.5,0.5,14.6,2.9,10.6,6.6,4.3,1.5,1.6,9.7,22.2,G,FR,jordan-allen-2
927,Kyle Thomas,25.3,25.9,.512,380,2022-23,Eastern Illinois,29,8,0.9,98,101,0.3,0.6,.092,-5.8,-3.3,-9.1,15.7,12.3,18.9,15.6,5.5,1.3,4.4,16.2,25.9,F,FR,kyle-thomas-4
928,Quinndary Weatherspoon,25.3,22.4,.556,836,2015-16,Mississippi State,31,17,2.9,112,103,1.8,1.2,.141,4.1,2.1,6.2,19.6,6.4,12.8,9.7,9.8,2.9,2.0,11.9,22.4,G,FR,quinndary-weatherspoon-1
929,Jaylen Hoard,25.3,24.6,.519,936,2018-19,Wake Forest,31,30,1.9,102,109,1.3,0.7,.083,2.1,0.0,2.2,18.1,9.0,19.6,14.0,12.3,1.2,2.5,16.6,24.6,F,FR,jaylen-hoard-1
930,Cameron Oliver,25.3,22.9,.556,1118,2015-16,Nevada,38,33,4.4,107,94,1.9,2.5,.156,1.3,2.5,3.7,22.1,9.7,22.0,16.0,6.0,1.1,9.0,14.7,22.9,F,FR,cameron-oliver-1
931,Darien Nelson-Henry,25.3,26.3,.551,513,2012-13,Pennsylvania,29,13,0.9,91,98,0.2,0.7,.070,-2.8,0.6,-2.2,16.7,9.5,20.4,14.8,8.2,2.0,5.6,22.9,26.3,C,FR,darien-nelson-henry-1
932,Josh Kozinski,25.3,19.9,.567,563,2014-15,Central Michigan,32,0,1.8,122,108,1.5,0.4,.131,3.6,-1.6,2.0,15.5,1.9,6.8,4.3,3.0,1.4,0.0,2.3,19.9,G,FR,josh-kozinski-1
933,Nah'Shon Hyland,25.3,22.1,.575,638,2019-20,VCU,31,9,2.5,110,97,1.4,1.1,.157,3.9,1.9,5.8,18.0,1.8,10.8,6.1,19.2,2.4,1.8,12.9,22.1,G,FR,nahshon-hyland-1
934,CJ Shaw,25.3,19.4,.687,467,2025-26,UC Santa Barbara,18,7,1.8,127,112,1.3,0.5,.150,1.5,-1.9,-0.3,17.5,4.6,4.8,4.7,15.3,2.2,0.3,18.1,19.4,G,FR,cj-shaw-1
935,Konstantinos Mitoglou,25.3,21.1,.579,713,2014-15,Wake Forest,32,13,2.3,113,106,1.6,0.7,.127,4.3,0.1,4.3,18.5,8.0,15.2,11.5,4.1,1.3,2.9,11.6,21.1,F,FR,konstantinos-mitoglou-1
936,Kel'el Ware,25.3,22.9,.534,552,2022-23,Oregon,35,4,2.2,110,95,1.1,1.2,.162,3.5,3.5,7.0,21.8,7.3,21.7,14.8,6.8,1.4,8.8,11.0,22.9,C,FR,kelel-ware-1
937,Kyle Davis,25.3,22.6,.596,592,2010-11,Southern Utah,30,16,1.9,108,103,1.2,0.7,.125,2.1,0.3,2.4,21.8,8.5,24.0,16.5,13.3,1.4,5.8,19.8,22.6,F,FR,kyle-davis-2
938,Kanaan Carlyle,25.3,27.7,.517,590,2023-24,Stanford,23,16,0.5,94,111,0.1,0.5,.036,-0.3,-0.5,-0.8,11.5,1.9,9.8,6.0,19.5,0.9,2.3,20.5,27.7,G,FR,kanaan-carlyle-1
939,Jordan Gainey,25.3,21.6,.624,1008,2021-22,USC Upstate,32,32,3.2,112,106,2.2,1.0,.127,1.9,-1.2,0.8,18.0,1.2,12.9,7.2,14.1,2.2,1.9,15.5,21.6,G,FR,jordan-gainey-1
940,Cordell Pemsl,25.3,21.6,.614,655,2016-17,Iowa,34,14,2.3,113,102,1.4,0.9,.143,1.9,1.9,3.8,21.3,10.1,17.4,13.8,11.0,2.1,3.7,17.8,21.6,F,FR,cordell-pemsl-1
941,Dewayne Russell,25.2,26.7,.509,1067,2012-13,Northern Arizona,32,26,1.3,96,111,1.0,0.3,.048,-0.6,-2.1,-2.7,15.1,1.6,8.2,4.6,20.6,2.7,0.4,17.8,26.7,G,FR,dewayne-russell-1
942,Jacob Calloway,25.2,22.7,.560,494,2016-17,Southern Utah,31,8,1.1,110,115,1.0,0.1,.087,-0.2,-3.2,-3.4,16.6,8.4,14.7,11.4,8.9,1.4,2.3,14.5,22.7,F,FR,jacob-calloway-1
943,Koby Thomas,25.2,25.0,.502,885,2017-18,Robert Morris,33,32,2.3,100,100,0.8,1.5,.102,-1.3,-1.5,-2.8,16.0,8.6,20.3,14.2,5.2,1.3,0.7,13.8,25.0,F,FR,koby-thomas-1
944,Sean Sellers,25.2,20.6,.615,889,2014-15,Ball State,30,29,2.6,116,111,2.1,0.4,.115,3.2,-1.7,1.5,16.3,3.0,9.4,6.1,9.9,0.6,1.3,13.9,20.6,G,FR,sean-sellers-1
945,Justin Miller,25.2,22.7,.566,790,2016-17,Louisiana,33,31,2.4,111,107,1.6,0.8,.121,0.7,-1.7,-1.0,16.7,8.4,16.7,12.3,9.9,0.9,0.9,16.8,22.7,F,FR,justin-miller-2
946,Devon Saddler,25.2,25.7,.536,1036,2010-11,Delaware,31,30,1.7,97,108,1.0,0.7,.065,0.8,-1.1,-0.3,15.6,3.3,11.7,7.6,22.0,1.3,0.4,20.4,25.7,G,FR,devon-saddler-1
947,Rasir Bolton,25.2,24.9,.536,861,2018-19,Penn State,32,9,1.5,98,107,0.7,0.8,.070,1.0,0.1,1.1,11.8,2.5,6.2,4.2,11.4,1.4,0.3,19.4,24.9,G,FR,rasir-bolton-1
948,Chance Gladden,25.2,23.9,.576,575,2025-26,Boston University,19,17,1.4,114,119,1.2,0.3,.099,-0.3,-3.7,-4.0,15.9,2.1,11.8,7.1,29.1,1.2,0.9,19.0,23.9,G,FR,chance-gladden-1
949,Acaden Lewis,25.2,23.4,.537,563,2025-26,Villanova,19,19,2.3,116,102,1.2,1.1,.163,3.3,4.1,7.4,19.7,2.3,11.9,7.1,32.9,4.0,0.2,15.6,23.4,G,FR,acaden-lewis-1
950,Frank Jackson,25.2,21.1,.598,895,2016-17,Duke,36,16,3.3,119,106,2.4,0.9,.147,3.7,1.4,5.1,17.0,3.1,8.3,5.8,12.6,1.3,0.2,12.9,21.1,G,FR,frank-jackson-2
951,Deywilk Tavarez,25.2,26.9,.519,1019,2023-24,Delaware State,33,30,2.1,95,100,0.3,1.8,.082,-2.1,-0.5,-2.6,13.7,1.3,12.1,6.7,24.6,3.6,0.0,22.3,26.9,G,FR,deywilk-tavarez-1
952,Bennedict Mathurin,25.2,19.6,.625,650,2020-21,Arizona,26,12,2.9,125,102,2.1,0.8,.181,5.7,1.6,7.3,20.1,5.8,16.3,11.1,9.2,1.6,0.3,11.8,19.6,G,FR,bennedict-mathurin-1
953,Tristan Thompson,25.2,22.4,.536,1104,2010-11,Texas,36,34,5.5,112,89,2.8,2.7,.200,4.4,4.5,8.9,24.2,14.0,13.7,13.8,8.1,1.8,7.2,12.7,22.4,F,FR,tristan-thompson-2
954,A.J. Reeves,25.2,21.6,.554,568,2018-19,Providence,25,21,1.7,109,102,0.9,0.8,.122,2.8,1.6,4.4,16.3,3.5,12.1,7.6,6.2,2.5,0.6,10.1,21.6,G,FR,aj-reeves-1
955,Neal Quinn,25.2,22.3,.591,317,2019-20,Lafayette,30,21,1.3,115,101,0.9,0.4,.164,0.7,0.1,0.8,22.8,10.0,18.6,14.6,16.3,0.7,4.8,14.3,22.3,F,FR,neal-quinn-1
956,Ryan Betley,25.2,20.2,.618,505,2016-17,Pennsylvania,18,15,2.0,117,100,1.2,0.8,.156,2.8,0.9,3.7,19.7,4.6,14.0,9.4,7.0,2.4,2.1,11.7,20.2,G,FR,ryan-betley-1
957,Jonathan Isaac,25.2,20.3,.614,839,2016-17,Florida State,32,32,4.3,122,94,2.4,1.9,.205,5.8,4.2,10.0,24.6,7.7,25.1,16.7,7.5,2.4,6.2,13.3,20.3,F,FR,jonathan-isaac-1
958,Treysen Eaglestaff,25.2,25.1,.515,646,2022-23,North Dakota,33,11,1.2,99,107,0.6,0.6,.076,0.5,-1.1,-0.6,15.9,1.9,13.4,7.5,17.6,2.4,1.4,14.3,25.1,G,FR,treysen-eaglestaff-1
959,Tyzhaun Claude,25.1,22.0,.585,656,2019-20,Morehead State,30,19,2.4,109,99,1.4,1.0,.145,0.7,-1.5,-0.8,21.9,12.2,20.0,16.1,5.4,1.4,3.0,15.3,22.0,F,FR,tyzhaun-claude-1
960,Eric Mika,25.1,21.9,.557,842,2013-14,Brigham Young,33,28,3.0,115,106,2.0,1.0,.141,1.5,0.3,1.8,19.2,11.8,14.8,13.3,7.0,1.0,2.9,12.3,21.9,F,FR,eric-mika-2
961,Jarace Walker,25.1,22.4,.534,992,2022-23,Houston,36,35,5.2,114,87,2.4,2.8,.211,4.5,4.4,8.8,22.1,9.6,18.2,14.0,12.5,2.2,6.3,12.3,22.4,F,FR,jarace-walker-1
962,A.J. Lawson,25.1,24.8,.520,868,2018-19,South Carolina,29,28,2.2,102,104,1.1,1.1,.102,2.1,1.2,3.3,15.9,3.3,12.9,8.0,20.0,2.1,0.9,16.6,24.8,G,FR,aj-lawson-12
963,Callum McRae,25.1,25.7,.574,601,2018-19,UC Riverside,32,17,1.0,97,107,0.4,0.6,.066,-2.2,-2.3,-4.5,16.4,10.0,22.8,16.3,11.9,0.8,2.0,24.9,25.7,C,FR,callum-mcrae-1
964,Anton Grady,25.1,22.8,.559,699,2011-12,Cleveland State,33,3,3.4,109,86,1.5,1.9,.197,1.3,3.1,4.4,23.8,11.4,29.1,19.8,10.5,2.6,8.0,16.3,22.8,F,FR,anton-gandy-1
965,Jared Harper,25.1,23.1,.538,773,2016-17,Auburn,32,30,2.4,113,109,1.8,0.6,.123,3.6,0.8,4.4,17.5,1.4,7.2,4.3,23.1,2.5,0.3,12.6,23.1,G,FR,jared-harper-12
966,Quevyn Winters,25.1,23.5,.568,659,2012-13,Duquesne,30,8,1.0,99,110,0.7,0.3,.060,1.3,-1.0,0.3,15.1,4.9,16.1,10.1,9.2,1.7,0.6,19.2,23.5,G,FR,quevyn-winters-1
967,Nick King,25.1,22.1,.541,377,2013-14,Memphis,34,0,1.6,114,97,0.8,0.8,.171,3.0,1.3,4.2,21.9,14.3,18.7,16.5,5.9,2.7,2.5,10.4,22.1,F,FR,nick-king-1
968,Alex Hamilton,25.1,24.8,.522,596,2012-13,Louisiana Tech,34,3,2.5,106,92,1.3,1.3,.169,2.1,2.6,4.7,20.6,2.7,11.8,6.8,31.7,3.3,1.3,18.4,24.8,G,FR,alex-hamilton-1
969,Rihards Vavers,25.1,21.3,.559,421,2023-24,Quinnipiac,24,6,1.5,117,104,0.9,0.6,.143,0.7,-2.1,-1.4,15.8,3.1,14.6,8.9,6.9,0.5,2.5,8.1,21.3,F,FR,rihards-vavers-1
970,Isaiah Ross,25.1,22.0,.567,584,2016-17,Kansas City,34,10,1.5,110,109,1.0,0.5,.101,1.2,-1.6,-0.4,14.2,2.3,10.2,6.2,6.5,1.5,0.2,10.7,22.0,G,FR,isaiah-ross-1
971,Bobby Portis,25.1,21.4,.562,918,2013-14,Arkansas,34,34,4.4,119,96,2.4,1.9,.190,4.9,2.9,7.7,23.5,10.1,16.7,13.5,10.9,2.1,5.9,9.9,21.4,F,FR,bobby-portis-1
972,Victor Oladipo,25.1,22.5,.586,576,2010-11,Indiana,32,5,2.1,111,101,1.3,0.8,.146,3.8,2.3,6.1,21.5,10.9,14.8,12.8,10.5,3.6,1.5,17.9,22.5,G,FR,victor-oladipo-1
973,Raymond Taylor,25.1,25.8,.504,983,2009-10,Florida Atlantic,30,30,2.6,103,106,1.7,0.9,.104,,,,17.1,1.2,9.4,5.1,36.6,2.5,0.0,18.0,25.8,G,FR,raymond-taylor-1
974,Cassius Stanley,25.1,21.9,.569,796,2019-20,Duke,29,29,3.3,112,96,1.9,1.4,.166,3.6,1.9,5.4,18.5,7.6,11.7,9.7,6.6,1.4,2.4,14.4,21.9,G,FR,cassius-stanley-1
975,James Kinney,25.1,24.3,.508,426,2009-10,Ohio,19,3,1.0,99,103,0.5,0.5,.090,,,,13.7,0.8,6.6,3.7,15.1,2.0,0.7,12.9,24.3,G,FR,james-kinney-1
976,Jordan Williams,25.1,24.6,.521,480,2011-12,North Texas,19,13,1.6,102,95,0.7,0.9,.136,0.8,-0.5,0.3,17.5,8.4,9.9,9.1,10.9,2.5,2.0,17.1,24.6,G,FR,jordan-williams-2
977,Jakob Poeltl,25.1,21.2,.630,792,2014-15,Utah,34,34,4.2,115,88,2.1,2.1,.210,3.5,4.2,7.7,24.7,16.0,20.0,18.2,6.6,1.0,8.6,18.2,21.2,F,FR,jakob-poeltl-1
978,Timmy Allen,25.1,21.0,.626,834,2018-19,Utah,29,26,3.0,120,110,2.5,0.5,.144,2.9,0.3,3.2,20.3,6.5,14.4,10.5,17.2,1.8,0.7,17.2,21.0,F,FR,timmy-allen-1
979,Terrence Hargrove Jr.,25.1,20.5,.568,311,2019-20,Saint Louis,25,0,1.3,117,97,0.8,0.5,.173,1.5,1.3,2.8,19.8,6.4,13.7,10.0,5.9,0.9,4.3,8.5,20.5,F,FR,terrence-hargrovejr-1
980,Elmore James,25.1,20.5,.598,485,2022-23,Ohio,31,15,1.5,116,109,1.1,0.4,.123,0.4,-1.5,-1.1,16.6,4.3,9.1,6.7,4.5,1.3,0.9,12.8,20.5,G,FR,elmore-james-1
981,McKinley Wright IV,25.1,25.0,.533,1042,2017-18,Colorado,32,31,3.4,109,107,2.3,1.1,.129,3.9,1.2,5.1,19.8,5.9,10.1,8.1,36.0,1.7,1.5,18.1,25.0,G,FR,mckinley-wrightiv-1
982,Ithiel Horton,25.1,22.1,.570,1075,2018-19,Delaware,33,23,2.6,110,111,2.0,0.6,.098,0.7,-2.2,-1.5,16.2,1.7,9.8,5.9,10.3,1.9,0.4,10.9,22.1,G,FR,ithiel-horton-1
983,Austin Butler,25.1,24.0,.525,739,2017-18,Holy Cross,30,21,1.7,104,107,1.0,0.7,.095,-0.3,-2.4,-2.6,16.1,5.3,13.3,9.5,10.6,2.0,0.7,8.8,24.0,G,FR,austin-butler-1
984,Alan Williams,25.1,21.9,.534,514,2011-12,UC Santa Barbara,30,20,2.8,122,95,1.9,0.9,.218,3.0,-0.3,2.7,28.0,22.5,22.1,22.3,6.0,1.8,8.1,9.3,21.9,C,FR,alan-williams-2
985,Ray Salnave,25.1,25.9,.545,659,2017-18,Monmouth,30,16,1.5,99,102,0.6,1.0,.092,-1.9,1.0,-0.9,15.1,3.2,14.9,9.3,15.2,3.3,0.8,20.9,25.9,G,FR,ray-salnave-1
986,Jeremiah Tilmon,25.1,25.2,.562,639,2017-18,Missouri,33,33,1.3,96,102,0.3,1.0,.082,-3.6,1.6,-2.0,14.6,12.3,12.6,12.4,5.6,0.7,5.5,22.6,25.2,F,FR,jeremiah-tilmon-1
987,Keitenn Bristow,25.1,25.3,.541,606,2024-25,Tarleton State,23,19,1.2,98,103,0.2,1.0,.082,-1.6,0.3,-1.3,14.6,6.8,14.2,10.5,13.9,2.4,4.5,19.7,25.3,F,FR,keitenn-bristow-1
988,Pearson Carmichael,25.1,23.0,.545,366,2024-25,Boise State,22,12,1.1,108,103,0.5,0.6,.120,2.8,1.4,4.2,14.8,5.2,13.6,9.5,11.0,1.8,1.0,13.6,23.0,F,FR,pearson-carmichael-1
989,Nijal Pearson,25.1,24.3,.528,1182,2016-17,Texas State,36,36,4.1,105,97,1.8,2.3,.139,0.7,0.0,0.7,18.2,6.9,14.0,10.5,16.4,2.6,1.3,14.9,24.3,G,FR,nijal-pearson-1
990,Augustine Rubit,25.0,21.6,.592,850,2010-11,South Alabama,28,25,3.3,114,102,2.2,1.1,.156,2.2,-2.9,-0.7,23.9,15.8,24.4,20.0,6.6,1.1,3.7,17.7,21.6,F,FR,augustine-rubit-1
991,Cameron Johnson,25.0,21.5,.541,373,2015-16,Pittsburgh,32,1,1.3,114,102,0.8,0.5,.140,2.2,1.6,3.8,15.7,4.1,14.3,9.2,8.2,1.6,1.5,9.5,21.5,G,FR,cameron-johnson-4
992,Dallas Moore,25.0,23.5,.545,921,2013-14,North Florida,32,32,1.8,106,113,1.3,0.5,.080,0.5,-2.9,-2.4,13.9,1.5,6.6,4.0,19.4,1.1,0.3,16.8,23.5,G,FR,dallas-moore-1
993,Adam Clark,25.0,25.8,.519,1029,2023-24,Merrimack,33,33,3.5,103,96,1.2,2.3,.137,-1.6,1.8,0.1,18.2,3.2,6.2,4.7,29.3,4.8,0.2,16.2,25.8,G,FR,adam-clark-1
994,Connor Kochera,25.0,22.7,.562,511,2020-21,William & Mary,16,14,1.3,106,108,0.9,0.3,.098,0.6,-1.2,-0.6,16.5,2.9,14.5,8.7,10.7,1.6,0.4,14.7,22.7,G,FR,connor-kochera-1
995,Pauly Paulicap,25.0,22.3,.582,734,2017-18,Manhattan,31,31,2.9,112,98,1.5,1.4,.156,-1.0,1.1,0.1,22.4,15.3,20.0,17.7,2.5,0.6,12.6,15.8,22.3,F,FR,pauly-paulicap-1
996,Jackie Carmichael,25.0,21.4,.587,547,2009-10,Illinois State,33,18,2.4,113,95,1.3,1.0,.172,,,,22.5,13.7,15.9,14.8,2.5,1.7,10.2,15.6,21.4,F,FR,jackie-carmichael-1
997,Latif Rivers,25.0,26.6,.528,982,2010-11,Wagner,30,28,1.5,95,106,0.7,0.8,.063,-0.4,-2.3,-2.7,12.8,1.2,10.5,6.0,20.4,1.2,1.5,20.1,26.6,G,FR,latif-rivers-1
998,Antwon Portley,25.0,23.3,.527,1011,2015-16,Saint Peter's,30,30,2.7,105,104,1.5,1.3,.107,0.2,-0.8,-0.7,14.0,0.9,10.1,5.5,12.3,1.1,0.3,12.1,23.3,G,FR,antwon-portley-1
999,Josh Anderson,25.0,21.6,.572,390,2017-18,Western Kentucky,23,3,1.5,114,100,0.9,0.7,.156,1.1,2.8,4.0,19.9,6.0,11.0,8.6,8.0,3.4,2.1,11.3,21.6,G,FR,josh-anderson-2
1000,James Harvey,25.0,23.1,.510,701,2015-16,McNeese State,29,13,1.0,106,117,1.0,0.0,.059,-0.5,-3.4,-3.9,13.0,1.6,4.7,3.1,7.3,1.4,0.3,8.2,23.1,G,FR,james-harvey-3
1001,Trey Freeman,25.0,24.4,.529,929,2011-12,Campbell,29,27,2.3,107,110,1.9,0.4,.099,-0.4,-2.2,-2.6,17.2,2.0,9.4,5.8,23.7,2.0,0.4,15.5,24.4,G,FR,trey-freeman-2
